latitude,longitude,hour_of_day,nearby_incidents,nearby_safe_zones,lighting_density,police_proximity,crowd_density,cctv_coverage,response_speed,safety_score
13.0436,80.3155,18,2,4,85.1,62.0,74.1,87.9,83.0,96.0
13.1877,80.3029,7,1,5,68.3,64.8,73.3,87.6,87.8,98.0
13.133,80.2647,6,3,2,85.5,81.7,57.7,51.0,96.3,72.7
13.0997,80.3412,15,1,4,70.8,64.8,57.9,52.0,79.5,98.0
12.989,80.1901,18,1,3,69.7,89.6,89.7,61.5,92.0,92.4
12.989,80.1719,5,4,3,58.0,81.3,89.7,61.5,87.1,55.9
12.9645,80.3208,19,3,5,57.8,62.0,93.0,48.0,83.0,71.9
13.1665,80.2378,20,4,5,91.7,89.8,66.5,79.0,98.0,79.0
13.1003,80.3194,10,0,4,71.3,62.0,57.9,52.0,83.0,98.0
13.127,80.3286,4,4,2,59.2,62.7,57.7,51.0,81.0,34.1
12.9551,80.1625,15,4,5,48.1,76.6,93.0,48.0,84.7,61.4
13.1925,80.3267,6,1,5,67.2,62.7,73.3,87.6,81.0,98.0
13.1581,80.2397,4,4,4,87.9,89.8,63.5,71.6,98.0,58.8
13.0031,80.2521,10,3,2,80.7,86.1,87.3,69.3,97.4,71.9
12.9955,80.2753,14,0,2,73.9,72.2,87.3,69.3,92.6,98.0
12.9959,80.3353,2,3,2,64.1,64.8,87.3,69.3,79.5,44.4
13.0261,80.1538,4,2,4,87.6,71.9,77.7,87.1,82.5,79.8
13.0812,80.2454,22,4,5,51.7,86.1,61.5,65.5,97.4,46.2
13.058,80.2875,20,0,5,70.1,68.1,67.2,80.5,90.3,98.0
13.0228,80.2945,4,1,3,76.7,68.1,81.2,83.2,90.3,79.4
13.103,80.2885,8,0,4,67.5,68.1,57.9,52.0,90.3,98.0
12.9849,80.1769,14,3,4,62.4,85.8,91.4,54.6,89.6,73.0
13.023,80.2099,2,0,3,71.0,93.8,81.2,83.2,95.9,90.1
13.0416,80.2217,5,3,4,63.4,93.8,74.1,87.9,97.2,74.9
13.064,80.3109,16,2,5,85.5,62.7,67.2,80.5,85.3,98.0
13.1463,80.2058,20,2,3,81.8,93.8,61.0,63.7,95.9,89.4
12.9999,80.1921,7,0,2,67.3,89.6,87.3,69.3,92.0,98.0
13.0786,80.3415,20,4,5,88.2,64.8,61.5,65.5,79.5,78.1
13.0981,80.1518,10,0,4,73.4,71.9,57.9,52.0,82.5,98.0
12.9616,80.3496,5,4,5,53.4,68.0,93.0,48.0,78.4,63.8
13.1019,80.2854,7,0,4,69.6,68.1,57.9,52.0,90.3,98.0
12.9926,80.3157,9,4,3,55.3,62.0,89.7,61.5,83.0,54.5
12.9663,80.2089,23,1,5,74.7,93.8,92.6,49.9,95.9,89.3
13.1872,80.1529,2,1,5,67.9,71.9,73.3,87.6,82.5,85.5
13.1914,80.2976,22,0,5,71.5,64.8,73.3,87.6,87.8,95.8
13.1521,80.3168,13,4,3,56.2,62.0,61.0,63.7,83.0,53.8
13.0262,80.2981,22,0,4,76.3,64.8,77.7,87.1,87.8,98.0
12.9744,80.1786,13,3,5,56.1,85.8,92.6,49.9,89.6,74.4
13.1211,80.3007,9,0,3,69.7,64.8,57.1,48.2,87.8,98.0
13.06,80.3038,11,2,5,77.8,64.8,67.2,80.5,87.8,96.2
12.9805,80.2817,5,1,4,80.0,72.2,91.4,54.6,92.6,98.0
13.0738,80.3032,11,2,5,76.7,64.8,64.1,73.4,87.8,95.5
12.9586,80.3192,22,3,5,52.7,62.0,93.0,48.0,83.0,53.2
13.1773,80.2727,13,2,5,78.0,76.9,69.8,84.6,94.7,97.6
13.0147,80.1677,1,0,2,65.4,81.3,84.4,77.0,87.1,81.5
13.1156,80.2475,8,3,3,77.8,86.1,57.1,48.2,97.4,77.0
13.0279,80.1655,9,1,4,80.5,81.3,77.7,87.1,87.1,98.0
13.08,80.2315,16,3,5,56.7,92.5,61.5,65.5,97.9,70.9
13.0867,80.2314,16,1,5,56.6,92.5,59.4,58.0,97.9,98.0
12.9962,80.1632,2,3,2,62.8,76.6,87.3,69.3,84.7,43.9
13.1924,80.2198,18,0,5,74.8,93.8,73.3,87.6,97.2,98.0
13.1438,80.1722,0,4,2,52.3,81.3,59.0,56.4,87.1,30.1
13.1849,80.3116,11,1,5,60.2,62.7,69.8,84.6,85.3,98.0
13.1737,80.3395,6,4,5,50.1,64.8,66.5,79.0,79.5,61.6
13.0995,80.1645,3,0,4,75.6,76.6,57.9,52.0,84.7,98.0
13.1805,80.341,9,3,5,61.5,64.8,69.8,84.6,79.5,74.8
12.9721,80.2545,12,4,5,93.1,86.1,92.6,49.9,97.4,79.7
12.999,80.2099,1,1,2,79.8,93.8,87.3,69.3,95.9,73.6
12.9613,80.1654,9,3,5,52.5,81.3,93.0,48.0,87.1,74.7
13.0313,80.2501,20,3,4,57.5,86.1,77.7,87.1,97.4,71.9
13.0472,80.3089,21,2,5,81.9,62.7,70.6,85.6,85.3,98.0
13.0178,80.2914,3,1,3,73.3,68.1,81.2,83.2,90.3,79.4
13.1572,80.16,17,4,4,59.4,76.6,63.5,71.6,84.7,56.5
13.0392,80.1646,4,4,4,90.4,76.6,74.1,87.9,84.7,58.9
13.0202,80.2306,18,0,3,67.1,92.5,81.2,83.2,97.9,98.0
13.0857,80.2091,1,1,5,65.6,93.8,59.4,58.0,95.9,86.9
12.9852,80.1965,11,0,3,74.3,92.3,89.7,61.5,94.2,98.0
13.1505,80.2062,16,2,3,83.3,93.8,61.0,63.7,95.9,86.5
12.9686,80.3107,9,2,5,53.9,62.7,92.6,49.9,85.3,82.2
13.1967,80.3358,1,1,5,73.9,64.8,76.9,87.6,79.5,88.5
13.1431,80.231,5,3,2,90.1,92.5,59.0,56.4,97.9,75.8
12.9997,80.3312,7,3,2,56.8,62.7,87.3,69.3,81.0,61.7
12.9514,80.2143,18,1,5,78.2,93.8,92.7,49.3,95.9,98.0
13.1539,80.2453,10,5,3,88.0,86.1,61.0,63.7,97.4,73.2
13.1267,80.1952,11,0,2,68.2,92.3,57.7,51.0,94.2,98.0
13.1323,80.2781,8,2,2,79.5,72.2,57.7,51.0,92.6,81.4
13.1428,80.3458,1,3,2,51.5,68.0,59.0,56.4,78.4,39.2
12.9685,80.2707,7,3,5,81.7,76.9,92.6,49.9,94.7,89.8
13.0396,80.2216,10,2,4,60.7,93.8,74.1,87.9,97.2,87.3
12.979,80.2796,20,2,4,77.6,72.2,91.4,54.6,92.6,93.7
13.1658,80.1746,3,2,5,55.1,81.3,66.5,79.0,87.1,68.7
13.1058,80.3277,9,1,4,66.0,62.7,57.1,48.6,81.0,98.0
13.0327,80.2506,20,2,4,60.1,86.1,77.7,87.1,97.4,82.5
12.9659,80.2399,19,5,5,91.9,89.8,92.6,49.9,98.0,80.0
13.0277,80.2672,15,1,4,65.0,76.9,77.7,87.1,94.7,97.2
13.0313,80.275,7,2,4,67.7,76.9,77.7,87.1,94.7,87.8
13.1324,80.1644,3,3,2,54.8,76.6,57.7,51.0,84.7,41.1
13.1094,80.2865,9,1,4,74.9,68.1,57.1,48.6,90.3,98.0
13.1718,80.1984,11,0,5,69.5,92.3,66.5,79.0,94.2,98.0
13.0681,80.2928,13,1,5,69.8,68.1,64.1,73.4,90.3,98.0
12.9799,80.3145,15,2,4,59.0,62.7,91.4,54.6,85.3,83.9
13.1283,80.3108,21,3,2,63.2,62.7,57.7,51.0,85.3,60.5
13.1402,80.2605,17,3,2,89.8,81.7,59.0,56.4,96.3,77.4
13.0903,80.254,20,3,5,62.2,86.1,59.4,58.0,97.4,76.2
13.1427,80.1786,21,2,2,56.6,85.8,59.0,56.4,89.6,70.0
13.0734,80.3051,20,3,5,82.7,62.7,64.1,73.4,85.3,87.1
13.0807,80.2043,11,0,5,74.5,92.3,61.5,65.5,94.2,98.0
13.0569,80.2493,17,5,5,46.3,86.1,67.2,80.5,97.4,62.2
12.9564,80.2069,6,1,5,79.8,93.8,93.0,48.0,95.9,98.0
12.977,80.1768,19,3,4,57.1,85.8,91.4,54.6,89.6,72.7
12.9579,80.2759,23,1,5,84.3,72.2,93.0,48.0,92.6,89.2
13.1091,80.1609,22,1,4,71.1,76.6,57.1,48.6,84.7,85.2
13.0286,80.2997,6,0,4,73.8,64.8,77.7,87.1,87.8,98.0
13.0771,80.2135,8,2,5,63.3,93.8,61.5,65.5,95.9,89.5
13.1769,80.15,0,2,5,61.3,71.9,69.8,84.6,82.5,70.7
13.0123,80.2522,5,1,2,79.2,86.1,84.4,77.0,97.4,90.9
13.0526,80.1594,5,4,5,86.5,76.6,70.6,85.6,84.7,80.5
13.1389,80.2052,21,2,2,79.7,93.8,59.0,56.4,95.9,82.0
13.0072,80.2914,11,0,2,71.0,68.1,84.4,77.0,90.3,98.0
12.9692,80.1625,21,5,5,54.8,76.6,92.6,49.9,84.7,61.3
13.0224,80.3179,11,0,3,74.1,62.0,81.2,83.2,83.0,98.0
12.9903,80.1508,9,4,3,54.8,71.9,89.7,61.5,82.5,56.6
13.1824,80.1994,22,0,5,71.3,92.3,69.8,84.6,94.2,97.9
13.152,80.2982,5,2,3,63.1,64.8,61.0,63.7,87.8,82.3
13.1084,80.2133,16,0,4,79.2,93.8,57.1,48.6,95.9,98.0
13.1679,80.1704,18,3,5,57.6,81.3,66.5,79.0,87.1,74.3
13.1509,80.222,17,2,3,78.8,93.8,61.0,63.7,97.2,91.7
12.9966,80.2041,5,1,2,72.3,92.3,87.3,69.3,94.2,90.2
13.1731,80.3185,23,2,5,55.4,62.0,66.5,79.0,83.0,66.9
13.0848,80.2127,18,2,5,65.2,93.8,61.5,65.5,95.9,91.6
13.1519,80.3078,9,2,3,56.8,62.7,61.0,63.7,85.3,80.5
13.174,80.3284,23,4,5,56.8,62.7,66.5,79.0,81.0,43.0
13.0295,80.2368,7,2,4,60.9,89.8,77.7,87.1,98.0,84.6
12.9775,80.332,20,5,4,45.0,62.7,91.4,54.6,81.0,60.3
13.007,80.2255,23,0,2,77.5,92.5,84.4,77.0,97.9,85.9
13.0568,80.3428,5,5,5,94.2,64.8,67.2,80.5,79.5,80.0
13.1545,80.1679,20,3,3,51.3,81.3,61.0,63.7,87.1,64.5
13.1652,80.2874,6,1,5,68.9,68.1,66.5,79.0,90.3,98.0
12.9517,80.2488,23,3,5,87.8,86.1,92.7,49.3,97.4,71.6
13.0777,80.2275,0,3,5,57.9,92.5,61.5,65.5,97.9,57.4
13.0544,80.2765,17,1,5,66.7,72.2,70.6,85.6,92.6,98.0
13.0055,80.2908,23,1,2,75.6,68.1,84.4,77.0,90.3,69.8
12.98,80.1509,19,4,4,53.2,71.9,91.4,54.6,82.5,60.0
13.0344,80.1834,11,2,4,75.4,85.8,77.7,87.1,89.6,91.9
13.1857,80.2926,15,0,5,69.8,68.1,73.3,87.6,90.3,98.0
13.0308,80.2833,9,1,4,70.5,72.2,77.7,87.1,92.6,98.0
13.0797,80.3432,9,3,5,86.0,64.8,61.5,65.5,79.5,88.7
13.1258,80.3022,13,2,2,69.6,64.8,57.7,51.0,87.8,75.7
13.0409,80.3402,19,3,4,88.0,64.8,74.1,87.9,79.5,87.7
13.1929,80.2905,9,1,5,75.9,68.1,73.3,87.6,90.3,98.0
13.1906,80.2096,9,0,5,77.1,93.8,73.3,87.6,95.9,98.0
13.0129,80.1711,10,1,2,68.1,81.3,84.4,77.0,87.1,91.5
13.0743,80.3064,22,2,5,82.1,62.7,64.1,73.4,85.3,80.8
13.0252,80.2788,1,1,4,64.5,72.2,77.7,87.1,92.6,83.6
13.0212,80.1596,19,0,3,80.7,76.6,81.2,83.2,84.7,98.0
12.9592,80.222,7,3,5,88.7,93.8,93.0,48.0,97.2,88.4
13.1024,80.3414,22,0,4,74.6,64.8,57.9,52.0,79.5,95.3
13.0757,80.2501,6,4,5,61.5,86.1,61.5,65.5,97.4,64.3
12.9629,80.2365,7,4,5,90.8,89.8,93.0,48.0,98.0,83.1
13.0197,80.2415,0,1,3,65.4,89.8,81.2,83.2,98.0,76.4
13.1771,80.1918,20,0,5,67.6,89.6,69.8,84.6,92.0,98.0
13.0099,80.2237,1,1,2,74.3,93.8,84.4,77.0,97.2,70.6
12.9862,80.224,17,2,3,83.0,93.8,89.7,61.5,97.2,91.6
13.0724,80.1605,14,5,5,92.3,76.6,64.1,73.4,84.7,82.5
13.1964,80.3035,0,0,5,70.2,64.8,76.9,87.6,87.8,98.0
13.0105,80.2333,4,1,2,73.5,92.5,84.4,77.0,97.9,74.1
13.118,80.3144,1,1,3,65.0,62.7,57.1,48.2,85.3,75.6
13.1404,80.3201,19,4,2,57.3,62.0,59.0,56.4,83.0,48.5
13.0094,80.1924,2,0,2,71.4,89.6,84.4,77.0,92.0,81.0
13.1321,80.2815,18,2,2,77.9,72.2,57.7,51.0,92.6,80.2
13.0419,80.2445,17,3,4,54.4,89.8,74.1,87.9,98.0,70.5
13.1081,80.326,21,1,4,65.2,62.7,57.1,48.6,81.0,97.3
13.1084,80.1931,17,0,4,68.6,89.6,57.1,48.6,92.0,98.0
13.0839,80.2856,13,1,5,67.9,68.1,61.5,65.5,90.3,98.0
12.9726,80.2716,23,2,5,92.0,76.9,92.6,49.9,94.7,84.6
13.1588,80.2091,7,2,4,83.7,93.8,63.5,71.6,95.9,95.8
13.0302,80.1773,11,1,4,82.6,85.8,77.7,87.1,89.6,98.0
12.9966,80.2803,20,1,2,73.9,72.2,87.3,69.3,92.6,87.1
12.9602,80.2977,9,1,5,68.6,64.8,93.0,48.0,87.8,98.0
13.0977,80.2131,22,1,4,69.1,93.8,57.9,52.0,95.9,83.3
13.1194,80.279,19,0,3,73.6,72.2,57.1,48.2,92.6,98.0
12.9541,80.229,16,3,5,89.7,92.5,92.7,49.3,97.9,86.7
13.078,80.2926,10,0,5,73.2,68.1,61.5,65.5,90.3,98.0
13.0066,80.1898,1,1,2,70.9,89.6,84.4,77.0,92.0,71.6
13.1113,80.328,3,0,4,67.6,62.7,57.1,48.6,81.0,93.9
12.9936,80.2075,0,2,3,77.0,93.8,89.7,61.5,95.9,70.8
13.1227,80.2236,14,1,3,80.3,93.8,57.1,48.2,97.2,98.0
13.0467,80.1616,12,5,5,88.6,76.6,70.6,85.6,84.7,80.3
13.1842,80.1723,7,1,5,65.2,81.3,69.8,84.6,87.1,98.0
12.9844,80.2532,3,5,4,94.4,86.1,91.4,54.6,97.4,64.3
13.0353,80.2035,9,0,4,75.3,92.3,74.1,87.9,94.2,98.0
12.9784,80.3171,18,4,4,52.5,62.0,91.4,54.6,83.0,56.0
13.1812,80.1529,17,2,5,60.9,71.9,69.8,84.6,82.5,87.2
13.1693,80.2258,4,3,5,87.6,92.5,66.5,79.0,97.9,70.8
13.0145,80.2175,18,0,2,73.5,93.8,84.4,77.0,97.2,98.0
13.115,80.1539,22,1,4,65.4,71.9,57.1,48.6,82.5,83.0
13.1543,80.1749,21,3,3,57.9,81.3,61.0,63.7,87.1,64.0
13.0888,80.2327,15,2,5,63.5,92.5,59.4,58.0,97.9,89.9
13.0824,80.2486,0,3,5,52.9,86.1,61.5,65.5,97.4,55.4
13.0105,80.2309,11,1,2,73.2,92.5,84.4,77.0,97.9,92.3
12.9733,80.2562,23,3,5,91.6,81.7,92.6,49.9,96.3,73.7
13.1743,80.269,1,3,5,80.5,76.9,66.5,79.0,94.7,69.8
13.1751,80.152,20,2,5,67.6,71.9,69.8,84.6,82.5,87.1
13.1083,80.2428,7,1,4,74.8,89.8,57.1,48.6,98.0,98.0
13.0348,80.3427,17,2,4,85.1,64.8,77.7,87.1,79.5,96.0
13.0373,80.2538,15,4,4,46.9,86.1,74.1,87.9,97.4,61.6
13.1315,80.2855,4,0,2,74.4,68.1,57.7,51.0,90.3,80.8
13.1743,80.2124,21,2,5,75.7,93.8,66.5,79.0,95.9,98.0
13.1718,80.3048,12,1,5,70.7,64.8,66.5,79.0,87.8,98.0
13.145,80.3046,18,2,2,64.5,64.8,59.0,56.4,87.8,74.6
13.1105,80.2543,2,0,4,75.4,86.1,57.1,48.6,97.4,98.0
12.971,80.3452,7,4,5,50.3,68.0,92.6,49.9,78.4,59.9
12.9904,80.1751,11,2,3,63.9,85.8,89.7,61.5,89.6,79.3
13.1746,80.1534,1,4,5,59.7,71.9,66.5,79.0,82.5,44.4
13.1016,80.304,10,0,4,73.1,64.8,57.9,52.0,87.8,98.0
12.9523,80.3114,11,3,5,61.3,62.7,92.7,49.3,85.3,74.0
12.9754,80.174,17,3,4,52.4,81.3,91.4,54.6,87.1,68.1
13.1159,80.2031,12,1,3,73.9,92.3,57.1,48.2,94.2,97.4
12.9513,80.1535,4,3,5,50.4,71.9,92.7,49.3,82.5,56.6
12.9902,80.2087,21,2,3,85.1,93.8,89.7,61.5,95.9,88.5
13.0872,80.3046,11,0,5,73.8,64.8,59.4,58.0,87.8,98.0
13.123,80.2536,1,3,3,79.0,86.1,57.1,48.2,97.4,60.1
13.113,80.2196,4,0,4,75.0,93.8,57.1,48.6,97.2,98.0
13.0061,80.2243,6,1,2,75.6,93.8,84.4,77.0,97.2,90.2
13.128,80.1503,23,3,2,52.5,71.9,57.7,51.0,82.5,39.3
13.0093,80.21,11,1,2,70.3,93.8,84.4,77.0,95.9,89.9
13.0313,80.2793,15,0,4,66.5,72.2,77.7,87.1,92.6,98.0
13.1366,80.3448,22,5,2,55.4,64.8,59.0,56.4,79.5,27.6
13.1124,80.3194,7,0,4,64.8,62.0,57.1,48.6,83.0,98.0
13.1623,80.1547,8,5,4,52.0,71.9,63.5,71.6,82.5,56.3
13.1144,80.3297,14,0,4,69.2,62.7,57.1,48.6,81.0,98.0
13.0921,80.3066,4,2,5,84.2,62.7,59.4,58.0,85.3,80.1
12.9734,80.3061,12,2,5,56.7,62.7,92.6,49.9,85.3,84.7
13.0419,80.2416,4,4,4,55.2,89.8,74.1,87.9,98.0,43.6
13.0163,80.2296,10,0,3,68.7,92.5,81.2,83.2,97.9,98.0
13.011,80.2106,9,1,2,73.5,93.8,84.4,77.0,95.9,89.4
13.1933,80.1631,19,0,5,67.4,76.6,73.3,87.6,84.7,98.0
13.0483,80.1956,12,1,5,75.2,92.3,70.6,85.6,94.2,98.0
13.173,80.1993,8,0,5,69.5,92.3,66.5,79.0,94.2,98.0
13.1078,80.2468,20,1,4,76.1,86.1,57.1,48.6,97.4,98.0
13.1487,80.2995,13,1,3,67.1,64.8,61.0,63.7,87.8,93.3
13.0757,80.2448,17,4,5,56.6,89.8,61.5,65.5,98.0,62.3
13.0942,80.1616,14,2,5,84.2,76.6,59.4,58.0,84.7,98.0
13.0731,80.3416,9,5,5,94.0,64.8,64.1,73.4,79.5,78.7
12.9988,80.3385,23,2,2,59.7,64.8,87.3,69.3,79.5,57.0
13.1306,80.307,6,3,2,58.9,62.7,57.7,51.0,85.3,59.9
13.0202,80.3483,7,0,3,73.9,68.0,81.2,83.2,78.4,98.0
12.9561,80.2589,2,4,5,83.3,81.7,93.0,48.0,96.3,60.8
13.1114,80.3426,14,0,4,68.6,64.8,57.1,48.6,79.5,98.0
12.9943,80.1651,15,4,3,56.7,81.3,89.7,61.5,87.1,55.1
13.1851,80.2231,3,0,5,77.3,93.8,73.3,87.6,97.2,98.0
13.1885,80.1951,20,1,5,70.2,92.3,73.3,87.6,94.2,98.0
13.1787,80.1892,5,0,5,69.9,89.6,69.8,84.6,92.0,98.0
13.0425,80.1782,0,3,4,81.1,85.8,74.1,87.9,89.6,67.0
12.9539,80.2745,3,2,5,83.8,76.9,92.7,49.3,94.7,79.2
13.1821,80.3063,10,2,5,65.1,62.7,69.8,84.6,85.3,87.4
13.057,80.2657,11,2,5,52.4,76.9,67.2,80.5,94.7,85.7
13.1917,80.1794,4,1,5,68.5,85.8,73.3,87.6,89.6,85.5
13.1909,80.3122,22,0,5,69.6,62.7,73.3,87.6,85.3,95.4
13.1633,80.2772,20,2,4,79.0,72.2,63.5,71.6,92.6,92.8
13.0236,80.2276,15,0,3,73.0,92.5,81.2,83.2,97.9,98.0
13.0463,80.2848,12,2,5,64.2,72.2,70.6,85.6,92.6,87.8
13.1628,80.202,12,0,4,73.4,92.3,63.5,71.6,94.2,98.0
13.0292,80.219,16,2,4,63.5,93.8,77.7,87.1,97.2,88.7
12.9924,80.3335,6,3,3,55.4,62.7,89.7,61.5,81.0,65.5
13.0892,80.2081,7,1,5,65.4,93.8,59.4,58.0,95.9,98.0
13.184,80.244,12,2,5,83.0,89.8,69.8,84.6,98.0,98.0
13.124,80.328,22,3,3,63.0,62.7,57.1,48.2,81.0,49.7
13.0925,80.2915,15,0,5,72.6,68.1,59.4,58.0,90.3,98.0
12.9743,80.1624,3,5,5,55.9,76.6,92.6,49.9,84.7,42.7
13.1038,80.1795,7,0,4,76.6,85.8,57.9,52.0,89.6,98.0
13.1975,80.1516,15,1,5,76.9,71.9,76.9,87.6,82.5,98.0
12.985,80.2762,20,1,3,79.2,72.2,89.7,61.5,92.6,98.0
13.0796,80.2395,9,4,5,55.5,89.8,61.5,65.5,98.0,63.8
13.1693,80.1769,11,2,5,57.4,85.8,66.5,79.0,89.6,86.0
13.1352,80.3416,11,5,2,53.0,64.8,59.0,56.4,79.5,49.1
13.1243,80.2559,4,1,3,81.2,81.7,57.1,48.2,96.3,83.8
13.1256,80.1984,15,1,2,71.5,92.3,57.7,51.0,94.2,92.3
13.0399,80.2501,0,3,4,50.2,86.1,74.1,87.9,97.4,52.6
13.0234,80.2859,8,1,3,67.1,68.1,81.2,83.2,90.3,91.6
13.1523,80.1652,11,3,3,53.7,81.3,61.0,63.7,87.1,63.7
13.1525,80.2049,4,1,3,70.9,92.3,61.0,63.7,94.2,77.7
13.1668,80.3114,21,2,5,70.6,62.7,66.5,79.0,85.3,88.6
13.1783,80.2419,19,3,5,84.2,89.8,69.8,84.6,98.0,86.2
13.0778,80.2593,21,2,5,58.2,81.7,61.5,65.5,96.3,85.5
13.0754,80.2366,23,4,5,54.2,89.8,61.5,65.5,98.0,47.3
13.1496,80.1588,2,4,3,53.8,76.6,61.0,63.7,84.7,34.3
13.1125,80.1831,4,1,4,62.5,85.8,57.1,48.6,89.6,81.8
13.1255,80.2391,1,3,2,96.7,89.8,57.7,51.0,98.0,57.7
13.1489,80.1918,13,2,3,67.5,89.6,61.0,63.7,92.0,83.3
13.1725,80.16,1,3,5,56.1,76.6,66.5,79.0,84.7,54.1
13.0345,80.3187,12,2,4,74.1,62.0,77.7,87.1,83.0,95.8
13.0439,80.3462,6,2,4,84.1,68.0,74.1,87.9,78.4,98.0
12.9735,80.3086,9,3,5,54.2,62.7,92.6,49.9,85.3,73.6
13.0946,80.3208,12,1,5,81.6,62.0,59.4,58.0,83.0,98.0
12.959,80.1984,15,1,5,68.4,92.3,93.0,48.0,94.2,98.0
13.0664,80.3421,13,4,5,90.6,64.8,64.1,73.4,79.5,78.6
13.0857,80.1894,10,1,5,75.6,89.6,59.4,58.0,92.0,98.0
13.0216,80.3403,9,0,3,76.1,64.8,81.2,83.2,79.5,98.0
13.0977,80.349,5,1,4,74.6,68.0,57.9,52.0,78.4,98.0
12.9576,80.2923,3,0,5,68.8,68.1,93.0,48.0,90.3,98.0
12.9593,80.3462,20,4,5,54.7,68.0,93.0,48.0,78.4,61.5
13.1557,80.2639,0,3,4,84.2,81.7,63.5,71.6,96.3,72.0
13.04,80.2019,6,1,4,68.5,92.3,74.1,87.9,94.2,98.0
12.9818,80.2374,23,4,4,93.5,89.8,91.4,54.6,98.0,59.7
13.0806,80.2687,8,3,5,56.6,76.9,61.5,65.5,94.7,72.3
13.1425,80.1646,7,4,2,53.7,76.6,59.0,56.4,84.7,45.3
13.004,80.2745,4,2,2,88.0,76.9,87.3,69.3,94.7,63.5
13.1057,80.3462,18,0,4,65.9,68.0,57.1,48.6,78.4,98.0
12.9713,80.188,9,2,5,64.9,89.6,92.6,49.9,92.0,88.5
12.9629,80.3085,10,2,5,60.6,62.7,93.0,48.0,85.3,85.2
13.0828,80.3316,14,4,5,84.4,62.7,61.5,65.5,81.0,76.2
13.0852,80.3387,5,2,5,76.1,64.8,59.4,58.0,79.5,96.8
13.1094,80.342,14,1,4,67.3,64.8,57.1,48.6,79.5,98.0
13.1315,80.2543,4,3,2,92.4,86.1,57.7,51.0,97.4,59.3
13.194,80.3455,18,1,5,67.9,68.0,73.3,87.6,78.4,98.0
13.0791,80.3015,21,1,5,76.0,64.8,61.5,65.5,87.8,98.0
13.0307,80.1823,18,2,4,77.2,85.8,77.7,87.1,89.6,93.4
13.1488,80.2454,9,4,3,91.7,86.1,61.0,63.7,97.4,72.6
13.0177,80.2937,11,1,3,70.1,68.1,81.2,83.2,90.3,96.1
13.0597,80.1995,21,0,5,73.4,92.3,67.2,80.5,94.2,98.0
12.9696,80.2781,3,2,5,83.5,72.2,92.6,49.9,92.6,78.0
12.9563,80.2833,17,1,5,74.3,72.2,93.0,48.0,92.6,98.0
13.1907,80.1825,15,1,5,67.2,85.8,73.3,87.6,89.6,98.0
13.159,80.263,7,3,4,82.7,81.7,63.5,71.6,96.3,89.7
13.124,80.3043,3,1,3,70.3,64.8,57.1,48.2,87.8,74.2
13.0522,80.2498,22,4,5,47.2,86.1,70.6,85.6,97.4,44.7
12.9933,80.1524,11,4,3,53.1,71.9,89.7,61.5,82.5,52.6
12.9891,80.1518,1,3,3,48.5,71.9,89.7,61.5,82.5,45.2
13.0126,80.2214,3,1,2,73.8,93.8,84.4,77.0,97.2,73.8
13.0873,80.3352,4,2,5,78.6,64.8,59.4,58.0,79.5,77.7
13.1286,80.1957,2,1,2,73.1,92.3,57.7,51.0,94.2,73.2
13.115,80.2769,8,0,3,71.1,72.2,57.1,48.2,92.6,98.0
13.02,80.1944,20,1,3,73.4,89.6,81.2,83.2,92.0,98.0
13.1887,80.2143,17,0,5,73.0,93.8,73.3,87.6,95.9,98.0
13.1345,80.3196,10,3,2,56.9,62.0,57.7,51.0,83.0,60.7
13.0886,80.2958,2,0,5,73.0,64.8,59.4,58.0,87.8,98.0
13.1029,80.1691,22,1,4,74.8,81.3,57.9,52.0,87.1,81.8
13.0549,80.2357,1,4,5,56.7,89.8,70.6,85.6,98.0,42.2
13.0119,80.1558,8,1,2,69.6,76.6,84.4,77.0,84.7,87.7
13.039,80.2462,13,3,4,59.2,86.1,74.1,87.9,97.4,72.4
13.1395,80.2825,3,2,2,78.5,72.2,59.0,56.4,92.6,62.3
12.9536,80.1737,8,2,5,59.8,81.3,92.7,49.3,87.1,83.3
12.979,80.2078,12,2,4,80.8,93.8,91.4,54.6,95.9,93.2
12.9615,80.2296,17,3,5,93.5,92.5,93.0,48.0,97.9,91.3
12.9602,80.3339,14,5,5,53.7,62.7,93.0,48.0,81.0,61.3
13.1639,80.3487,9,3,4,48.9,68.0,63.5,71.6,78.4,68.6
13.1259,80.159,15,4,2,57.3,76.6,57.7,51.0,84.7,48.2
13.0685,80.3022,11,1,5,82.5,64.8,64.1,73.4,87.8,98.0
12.9745,80.2243,19,3,5,83.1,93.8,92.6,49.9,97.2,87.0
13.0729,80.2285,4,3,5,54.5,92.5,64.1,73.4,97.9,51.2
13.0684,80.3009,1,2,5,84.0,64.8,64.1,73.4,87.8,80.0
12.9933,80.3337,9,3,3,59.0,62.7,89.7,61.5,81.0,62.8
13.0585,80.3402,0,5,5,97.4,64.8,67.2,80.5,79.5,67.9
13.0496,80.2654,6,2,5,54.7,76.9,70.6,85.6,94.7,87.0
13.104,80.2214,16,1,4,69.6,93.8,57.9,52.0,97.2,98.0
13.1088,80.3075,15,0,4,71.0,62.7,57.1,48.6,85.3,98.0
12.9613,80.2002,23,1,5,69.9,92.3,93.0,48.0,94.2,87.9
13.0437,80.2628,2,2,4,52.4,81.7,74.1,87.9,96.3,62.8
13.1065,80.2217,13,1,4,74.9,93.8,57.1,48.6,97.2,98.0
13.0758,80.2813,9,1,5,64.0,72.2,61.5,65.5,92.6,98.0
13.1641,80.1981,21,1,4,73.3,92.3,63.5,71.6,94.2,98.0
13.1147,80.1883,6,0,4,70.3,89.6,57.1,48.6,92.0,98.0
12.9907,80.3336,16,4,3,54.0,62.7,89.7,61.5,81.0,57.1
12.9676,80.1704,5,3,5,50.3,81.3,92.6,49.9,87.1,74.7
13.1106,80.2512,22,1,4,75.9,86.1,57.1,48.6,97.4,84.5
12.9566,80.1942,21,1,5,68.8,89.6,93.0,48.0,92.0,98.0
13.0964,80.1578,3,1,4,78.3,76.6,57.9,52.0,84.7,88.7
13.1851,80.1572,16,0,5,69.5,76.6,73.3,87.6,84.7,98.0
13.0939,80.185,8,1,5,78.8,89.6,59.4,58.0,92.0,98.0
13.047,80.3234,3,3,5,91.9,62.0,70.6,85.6,83.0,69.6
13.1108,80.2065,6,1,4,74.6,93.8,57.1,48.6,95.9,98.0
13.0646,80.3401,22,4,5,98.0,64.8,67.2,80.5,79.5,65.5
13.0864,80.2663,1,2,5,65.6,76.9,59.4,58.0,94.7,72.3
13.1854,80.2373,16,0,5,72.5,89.8,73.3,87.6,98.0,98.0
13.0465,80.266,23,3,5,64.6,76.9,70.6,85.6,94.7,58.3
13.1903,80.2533,7,0,5,80.3,86.1,73.3,87.6,97.4,98.0
13.1763,80.3018,22,1,5,65.9,64.8,69.8,84.6,87.8,84.5
12.9989,80.2065,14,0,2,77.0,93.8,87.3,69.3,95.9,98.0
12.9673,80.2206,14,3,5,87.6,93.8,92.6,49.9,97.2,89.3
12.9752,80.3288,7,4,4,48.6,62.7,91.4,54.6,81.0,59.2
12.9546,80.3393,15,4,5,58.2,64.8,92.7,49.3,79.5,63.4
12.9736,80.3285,18,4,5,53.8,62.7,92.6,49.9,81.0,58.8
13.1208,80.2339,10,2,3,82.9,92.5,57.1,48.2,97.9,87.8
12.9678,80.3061,1,2,5,54.6,62.7,92.6,49.9,85.3,66.6
13.0297,80.2453,22,3,4,58.4,86.1,77.7,87.1,97.4,54.9
13.1612,80.2495,23,4,4,91.7,86.1,63.5,71.6,97.4,62.5
12.9558,80.1909,16,2,5,63.7,89.6,93.0,48.0,92.0,86.9
13.1536,80.2682,15,2,3,89.7,76.9,61.0,63.7,94.7,91.0
13.0205,80.1872,14,1,3,73.1,89.6,81.2,83.2,92.0,97.4
12.9795,80.2163,12,2,4,85.8,93.8,91.4,54.6,97.2,98.0
13.1242,80.321,14,2,3,63.9,62.0,57.1,48.2,83.0,78.7
13.1072,80.1914,3,0,4,77.2,89.6,57.1,48.6,92.0,96.6
13.1694,80.1642,15,4,5,55.0,76.6,66.5,79.0,84.7,64.1
13.1338,80.1638,11,3,2,56.0,76.6,57.7,51.0,84.7,58.9
13.1509,80.3382,3,5,3,57.8,64.8,61.0,63.7,79.5,34.3
13.0205,80.2514,2,0,3,67.4,86.1,81.2,83.2,97.4,87.8
12.9944,80.2319,21,3,3,89.8,92.5,89.7,61.5,97.9,78.6
13.1377,80.3122,16,2,2,52.8,62.7,59.0,56.4,85.3,69.7
13.1517,80.3172,21,4,3,48.1,62.0,61.0,63.7,83.0,51.7
13.1976,80.2164,17,0,5,70.9,93.8,76.9,87.6,97.2,98.0
13.0532,80.2887,17,1,5,67.6,68.1,70.6,85.6,90.3,98.0
13.043,80.3042,22,1,4,80.3,64.8,74.1,87.9,87.8,85.3
13.1441,80.2809,16,2,2,81.7,72.2,59.0,56.4,92.6,83.3
13.0352,80.1803,11,2,4,85.9,85.8,74.1,87.9,89.6,98.0
13.1827,80.3252,22,3,5,68.0,62.7,69.8,84.6,81.0,58.6
13.1646,80.2578,20,3,4,90.3,81.7,63.5,71.6,96.3,88.0
13.0572,80.2065,23,2,5,64.7,93.8,67.2,80.5,95.9,73.7
13.1377,80.235,3,4,2,88.3,89.8,59.0,56.4,98.0,46.5
13.1386,80.1575,11,5,2,55.7,76.6,59.0,56.4,84.7,47.9
12.9758,80.1756,22,2,4,57.3,85.8,91.4,54.6,89.6,67.4
13.1756,80.3031,21,1,5,69.4,64.8,69.8,84.6,87.8,98.0
13.0763,80.15,20,3,5,88.8,71.9,61.5,65.5,82.5,91.5
13.1566,80.2333,19,4,4,97.7,92.5,63.5,71.6,97.9,80.0
13.03,80.2545,14,2,4,61.4,86.1,77.7,87.1,97.4,86.8
13.1739,80.1609,22,4,5,54.4,76.6,66.5,79.0,84.7,48.2
13.0473,80.3446,15,4,5,92.9,64.8,70.6,85.6,79.5,81.0
12.9527,80.1952,4,1,5,69.3,92.3,92.7,49.3,94.2,87.8
13.1763,80.2108,20,0,5,78.2,93.8,69.8,84.6,95.9,98.0
12.9728,80.2108,14,2,5,81.0,93.8,92.6,49.9,95.9,94.7
13.0298,80.1961,16,0,4,72.7,92.3,77.7,87.1,94.2,98.0
13.1875,80.1503,17,1,5,73.6,71.9,73.3,87.6,82.5,98.0
13.1877,80.2959,4,0,5,66.9,64.8,73.3,87.6,87.8,95.6
13.0934,80.3434,12,3,5,78.8,64.8,59.4,58.0,79.5,88.5
13.108,80.1949,18,0,4,75.3,89.6,57.1,48.6,92.0,98.0
13.0621,80.2826,12,2,5,68.0,72.2,67.2,80.5,92.6,89.9
13.0233,80.2984,17,0,3,73.0,64.8,81.2,83.2,87.8,98.0
13.0322,80.3197,13,2,4,80.5,62.0,77.7,87.1,83.0,93.4
13.1181,80.2345,3,1,3,82.3,92.5,57.1,48.2,97.9,82.9
13.1381,80.2106,3,2,2,81.1,93.8,59.0,56.4,95.9,64.0
13.1479,80.2151,19,2,3,85.5,93.8,61.0,63.7,97.2,90.2
13.1474,80.2925,19,1,3,72.3,68.1,61.0,63.7,90.3,97.3
12.9728,80.3134,18,2,5,54.5,62.7,92.6,49.9,85.3,85.6
13.0736,80.1863,12,2,5,80.0,89.6,64.1,73.4,92.0,95.8
12.9644,80.2242,11,2,5,83.3,93.8,93.0,48.0,97.2,98.0
13.0874,80.3304,6,3,5,79.4,62.7,59.4,58.0,81.0,87.1
13.0604,80.3113,11,2,5,83.4,62.7,67.2,80.5,85.3,98.0
13.1719,80.347,20,3,5,64.5,68.0,66.5,79.0,78.4,74.0
13.0377,80.3008,3,1,4,79.3,64.8,74.1,87.9,87.8,86.6
12.9793,80.2286,1,4,4,93.0,92.5,91.4,54.6,97.9,58.6
12.9857,80.2681,1,2,3,84.4,76.9,89.7,61.5,94.7,71.0
13.1404,80.2822,4,2,2,78.6,72.2,59.0,56.4,92.6,62.1
13.1046,80.1657,22,0,4,77.8,81.3,57.9,52.0,87.1,96.8
12.9753,80.2589,9,4,4,91.7,81.7,91.4,54.6,96.3,77.9
12.971,80.2919,9,0,5,71.8,68.1,92.6,49.9,90.3,98.0
13.1252,80.1835,8,3,2,58.6,85.8,57.7,51.0,89.6,61.0
12.9682,80.3061,12,2,5,62.5,62.7,92.6,49.9,85.3,85.5
13.1555,80.2668,6,3,4,88.9,76.9,63.5,71.6,94.7,89.0
13.1266,80.3404,4,3,2,52.9,64.8,57.7,51.0,79.5,37.7
12.9703,80.1585,9,5,5,51.2,76.6,92.6,49.9,84.7,59.4
12.9712,80.2031,9,0,5,77.3,92.3,92.6,49.9,94.2,98.0
13.1967,80.2703,5,1,5,67.0,76.9,76.9,87.6,94.7,98.0
13.0436,80.2093,18,1,4,69.7,93.8,74.1,87.9,95.9,98.0
13.0427,80.2929,20,1,4,72.1,68.1,74.1,87.9,90.3,98.0
13.1532,80.3018,7,1,3,63.1,64.8,61.0,63.7,87.8,92.1
13.1868,80.1705,0,1,5,68.8,81.3,73.3,87.6,87.1,86.0
13.1965,80.2528,16,0,5,69.8,86.1,76.9,87.6,97.4,98.0
13.1383,80.2518,6,5,2,92.6,86.1,59.0,56.4,97.4,65.8
13.0441,80.2239,13,2,4,56.9,93.8,74.1,87.9,97.2,85.5
12.9709,80.3366,20,5,5,56.0,64.8,92.6,49.9,79.5,59.6
13.1443,80.3155,20,3,2,51.8,62.0,59.0,56.4,83.0,55.9
13.0896,80.2894,16,1,5,74.1,68.1,59.4,58.0,90.3,98.0
13.0561,80.2929,8,0,5,71.4,68.1,67.2,80.5,90.3,98.0
13.1766,80.2423,16,3,5,82.9,89.8,69.8,84.6,98.0,84.6
12.9778,80.3342,4,4,4,52.0,62.7,91.4,54.6,81.0,42.2
13.0732,80.2889,19,1,5,68.2,68.1,64.1,73.4,90.3,98.0
12.9528,80.2958,7,1,5,71.1,64.8,92.7,49.3,87.8,98.0
13.0672,80.3223,5,4,5,93.3,62.0,64.1,73.4,83.0,80.3
12.9641,80.2048,10,0,5,71.2,92.3,93.0,48.0,94.2,98.0
12.9797,80.3114,18,3,4,56.1,62.7,91.4,54.6,85.3,72.7
12.9794,80.189,3,1,4,63.5,89.6,91.4,54.6,92.0,78.7
13.1123,80.2191,17,1,4,75.5,93.8,57.1,48.6,97.2,98.0
13.1365,80.2171,0,2,2,84.7,93.8,59.0,56.4,97.2,64.8
13.0958,80.3457,12,1,4,80.0,68.0,57.9,52.0,78.4,98.0
13.1905,80.3213,13,0,5,71.8,62.0,73.3,87.6,83.0,98.0
13.0437,80.2902,23,1,4,66.7,68.1,74.1,87.9,90.3,86.7
13.0214,80.2954,0,0,3,73.1,64.8,81.2,83.2,87.8,89.1
13.1671,80.2624,10,3,5,87.8,81.7,66.5,79.0,96.3,90.8
13.0059,80.3394,16,0,2,68.0,64.8,84.4,77.0,79.5,98.0
13.1908,80.2493,3,1,5,78.8,86.1,73.3,87.6,97.4,87.2
12.953,80.2261,11,2,5,84.3,92.5,92.7,49.3,97.9,98.0
13.1925,80.1826,9,1,5,61.5,85.8,73.3,87.6,89.6,98.0
12.9608,80.3072,5,2,5,54.5,62.7,93.0,48.0,85.3,85.1
13.1728,80.2969,0,2,5,65.4,64.8,66.5,79.0,87.8,71.6
13.0819,80.2269,6,2,5,55.8,92.5,61.5,65.5,97.9,83.9
13.1982,80.155,20,1,5,82.9,76.6,76.9,87.6,84.7,98.0
12.9684,80.3178,15,3,5,49.5,62.0,92.6,49.9,83.0,73.9
13.0885,80.1523,23,3,5,81.6,71.9,59.4,58.0,82.5,69.0
13.1923,80.2907,13,0,5,71.8,68.1,73.3,87.6,90.3,98.0
13.0808,80.3441,22,4,5,91.5,64.8,61.5,65.5,79.5,62.0
13.1073,80.2375,19,0,4,74.4,89.8,57.1,48.6,98.0,98.0
13.1239,80.197,19,1,3,69.2,92.3,57.1,48.2,94.2,93.2
13.0636,80.291,5,0,5,71.9,68.1,67.2,80.5,90.3,98.0
13.1069,80.3134,21,1,4,68.7,62.7,57.1,48.6,85.3,98.0
13.0961,80.2593,4,0,4,72.3,81.7,57.9,52.0,96.3,94.9
13.1753,80.3434,23,3,5,61.1,64.8,69.8,84.6,79.5,61.0
12.9614,80.1603,20,4,5,53.2,76.6,93.0,48.0,84.7,60.6
13.0202,80.251,17,1,3,64.1,86.1,81.2,83.2,97.4,94.2
13.1876,80.2937,14,0,5,74.5,68.1,73.3,87.6,90.3,98.0
13.1726,80.3225,5,3,5,58.4,62.0,66.5,79.0,83.0,73.9
13.0639,80.1859,18,1,5,79.3,89.6,67.2,80.5,92.0,98.0
13.105,80.31,0,1,4,68.8,62.7,57.1,48.6,85.3,84.7
13.0193,80.2605,0,0,3,66.9,81.7,81.2,83.2,96.3,87.8
12.997,80.2293,12,2,2,79.3,92.5,87.3,69.3,97.9,83.1
13.0659,80.1763,2,2,5,84.9,85.8,64.1,73.4,89.6,80.4
13.0383,80.3231,9,3,4,90.5,62.0,74.1,87.9,83.0,88.8
13.0959,80.1815,20,0,4,72.7,85.8,57.9,52.0,89.6,98.0
12.9694,80.212,2,2,5,80.9,93.8,92.6,49.9,95.9,79.9
13.1936,80.208,8,0,5,68.1,93.8,73.3,87.6,95.9,98.0
13.1966,80.3243,7,1,5,73.8,62.0,76.9,87.6,83.0,98.0
13.1245,80.2845,2,0,3,83.8,72.2,57.1,48.2,92.6,93.1
13.084,80.3093,12,3,5,81.6,62.7,61.5,65.5,85.3,83.5
13.0274,80.2001,5,0,4,76.3,92.3,77.7,87.1,94.2,98.0
13.1534,80.275,12,3,3,83.2,76.9,61.0,63.7,94.7,79.3
13.1212,80.2643,22,1,3,85.9,81.7,57.1,48.2,96.3,84.7
12.9907,80.3166,19,4,3,56.8,62.0,89.7,61.5,83.0,55.6
13.1777,80.3312,19,2,5,59.5,62.7,69.8,84.6,81.0,87.7
13.1556,80.1524,11,5,4,52.0,71.9,63.5,71.6,82.5,60.4
13.1874,80.2848,12,0,5,76.1,72.2,73.3,87.6,92.6,98.0
13.1314,80.1604,1,4,2,54.2,76.6,57.7,51.0,84.7,30.6
13.1034,80.2598,20,0,4,68.4,81.7,57.9,52.0,96.3,98.0
13.0546,80.2075,23,2,5,64.0,93.8,70.6,85.6,95.9,71.6
13.1832,80.2114,22,0,5,78.3,93.8,69.8,84.6,95.9,98.0
13.1665,80.2206,15,3,5,79.0,93.8,66.5,79.0,97.2,86.5
12.9613,80.2743,22,2,5,85.7,76.9,93.0,48.0,94.7,82.1
12.9566,80.2168,5,3,5,87.8,93.8,93.0,48.0,97.2,90.1
13.0441,80.2965,18,1,4,75.9,64.8,74.1,87.9,87.8,98.0
13.1526,80.2309,20,4,3,87.8,92.5,61.0,63.7,97.9,72.7
13.1968,80.1637,12,0,5,80.4,76.6,76.9,87.6,84.7,98.0
12.9876,80.3068,16,3,3,60.4,62.7,89.7,61.5,85.3,69.7
13.0985,80.2072,22,0,4,72.3,93.8,57.9,52.0,95.9,96.3
13.0452,80.2366,8,5,5,48.1,89.8,70.6,85.6,98.0,61.4
13.1925,80.2871,16,0,5,69.2,68.1,73.3,87.6,90.3,98.0
13.1605,80.2165,1,3,4,84.0,93.8,63.5,71.6,97.2,67.1
13.1596,80.1613,18,4,4,51.0,76.6,63.5,71.6,84.7,56.6
13.0672,80.2248,18,3,5,61.8,93.8,64.1,73.4,97.2,77.1
13.0537,80.3389,23,4,5,86.5,64.8,70.6,85.6,79.5,64.0
13.0184,80.2783,6,1,3,68.3,72.2,81.2,83.2,92.6,96.4
12.9641,80.2843,21,1,5,78.9,72.2,93.0,48.0,92.6,98.0
13.1662,80.2765,9,2,5,77.3,72.2,66.5,79.0,92.6,97.8
13.1532,80.1898,9,1,3,60.5,89.6,61.0,63.7,92.0,92.5
13.1999,80.2337,19,1,5,71.8,92.5,76.9,87.6,97.9,98.0
13.1992,80.3002,8,0,5,80.4,64.8,76.9,87.6,87.8,98.0
13.0889,80.1703,16,2,5,84.5,81.3,59.4,58.0,87.1,98.0
13.1422,80.2056,14,1,2,82.5,93.8,59.0,56.4,95.9,93.5
13.1862,80.2053,1,1,5,72.0,93.8,73.3,87.6,95.9,89.0
13.1624,80.2364,3,4,4,90.8,89.8,63.5,71.6,98.0,59.0
13.0118,80.3461,18,1,2,67.0,68.0,84.4,77.0,78.4,88.6
13.0626,80.1635,16,4,5,97.9,76.6,67.2,80.5,84.7,82.8
12.9823,80.2537,4,5,4,96.4,86.1,91.4,54.6,97.4,59.9
13.1885,80.1859,6,0,5,69.4,89.6,73.3,87.6,92.0,98.0
13.1015,80.3441,17,1,4,75.4,64.8,57.9,52.0,79.5,98.0
13.0072,80.1727,20,0,2,70.6,81.3,84.4,77.0,87.1,98.0
13.1179,80.2307,21,2,3,82.0,92.5,57.1,48.2,97.9,89.4
13.1045,80.2976,6,0,4,70.5,64.8,57.9,52.0,87.8,98.0
13.0395,80.2909,16,1,4,71.5,68.1,74.1,87.9,90.3,98.0
12.9784,80.2345,6,3,4,90.0,92.5,91.4,54.6,97.9,88.7
13.1179,80.2193,3,2,3,77.7,93.8,57.1,48.2,97.2,71.8
13.0801,80.2295,7,2,5,54.0,92.5,61.5,65.5,97.9,84.2
13.1431,80.2029,12,1,2,80.1,92.3,59.0,56.4,94.2,89.1
13.08,80.1911,3,1,5,73.9,89.6,61.5,65.5,92.0,90.1
13.163,80.2466,5,5,4,86.1,86.1,63.5,71.6,97.4,78.1
13.088,80.2037,4,0,5,78.6,92.3,59.4,58.0,94.2,96.7
13.0902,80.2075,11,1,5,62.4,93.8,59.4,58.0,95.9,98.0
13.1692,80.2814,3,1,5,80.5,72.2,66.5,79.0,92.6,91.6
13.0509,80.3437,23,5,5,90.8,64.8,70.6,85.6,79.5,64.1
12.9835,80.2707,8,2,4,89.6,76.9,91.4,54.6,94.7,98.0
12.9572,80.1654,3,4,5,53.3,81.3,93.0,48.0,87.1,40.5
13.1388,80.1651,18,3,2,51.4,81.3,59.0,56.4,87.1,56.5
13.1051,80.3403,23,1,4,67.4,64.8,57.1,48.6,79.5,82.3
13.126,80.2095,13,1,2,81.0,93.8,57.7,51.0,95.9,94.8
13.0032,80.1684,4,2,2,61.8,81.3,87.3,69.3,87.1,56.8
12.9841,80.2698,17,2,4,86.5,76.9,91.4,54.6,94.7,98.0
12.9536,80.2747,9,3,5,85.5,76.9,92.7,49.3,94.7,87.5
13.0376,80.2797,18,1,4,72.3,72.2,74.1,87.9,92.6,98.0
13.0975,80.2035,11,1,4,70.5,92.3,57.9,52.0,94.2,98.0
13.0481,80.153,17,4,5,93.6,71.9,70.6,85.6,82.5,83.4
13.0594,80.343,16,5,5,93.6,64.8,67.2,80.5,79.5,79.8
13.176,80.2002,23,0,5,74.4,92.3,69.8,84.6,94.2,98.0
13.0371,80.2852,10,1,4,66.1,68.1,74.1,87.9,90.3,98.0
13.0785,80.2913,2,0,5,67.2,68.1,61.5,65.5,90.3,96.4
13.1459,80.272,22,3,3,83.5,76.9,61.0,63.7,94.7,63.1
13.0491,80.2126,16,1,5,65.5,93.8,70.6,85.6,95.9,98.0
13.1055,80.2042,0,1,4,74.6,92.3,57.1,48.6,94.2,82.8
13.1656,80.2695,14,2,5,83.8,76.9,66.5,79.0,94.7,97.5
13.1874,80.3232,8,1,5,67.8,62.0,73.3,87.6,83.0,98.0
12.9868,80.3393,14,3,3,56.9,64.8,89.7,61.5,79.5,66.9
13.1816,80.1712,23,2,5,62.3,81.3,69.8,84.6,87.1,70.7
13.073,80.181,2,2,5,84.2,85.8,64.1,73.4,89.6,82.0
13.0146,80.3389,21,1,2,69.4,64.8,84.4,77.0,79.5,87.7
13.0648,80.2973,18,1,5,74.0,64.8,67.2,80.5,87.8,98.0
13.195,80.3266,12,1,5,77.1,62.7,76.9,87.6,81.0,98.0
13.0732,80.1905,11,1,5,75.5,89.6,64.1,73.4,92.0,98.0
13.0322,80.2675,19,2,4,66.4,76.9,77.7,87.1,94.7,87.4
13.1084,80.2902,0,0,4,68.6,68.1,57.1,48.6,90.3,94.4
13.01,80.286,20,1,2,75.9,68.1,84.4,77.0,90.3,90.3
12.969,80.2316,16,3,5,89.3,92.5,92.6,49.9,97.9,91.7
12.9822,80.1531,12,5,4,49.2,71.9,91.4,54.6,82.5,60.7
12.982,80.2666,0,2,4,89.5,76.9,91.4,54.6,94.7,79.7
12.988,80.2006,9,1,3,69.9,92.3,89.7,61.5,94.2,91.8
12.9847,80.2401,14,4,4,87.9,89.8,91.4,54.6,98.0,76.7
13.1102,80.3415,6,1,4,68.6,64.8,57.1,48.6,79.5,98.0
12.9955,80.2298,21,1,2,77.6,92.5,87.3,69.3,97.9,93.4
13.0364,80.318,17,3,4,88.1,62.0,74.1,87.9,83.0,87.9
13.1742,80.1877,15,1,5,60.4,89.6,66.5,79.0,92.0,98.0
13.0685,80.2845,13,2,5,60.7,72.2,64.1,73.4,92.6,90.2
13.1169,80.3454,17,1,3,64.8,68.0,57.1,48.2,78.4,90.2
12.9931,80.1704,6,4,3,54.9,81.3,89.7,61.5,87.1,54.1
12.9981,80.1517,16,2,2,54.3,71.9,87.3,69.3,82.5,72.1
12.9602,80.2367,17,5,5,91.4,89.8,93.0,48.0,98.0,82.6
12.9922,80.1685,11,3,3,53.9,81.3,89.7,61.5,87.1,64.2
13.0196,80.2997,7,1,3,68.7,64.8,81.2,83.2,87.8,94.6
12.9943,80.3329,21,3,3,51.7,62.7,89.7,61.5,81.0,65.7
12.9722,80.2368,1,5,5,91.5,89.8,92.6,49.9,98.0,63.9
12.9802,80.2017,6,0,4,70.6,92.3,91.4,54.6,94.2,98.0
13.0652,80.2369,3,5,5,51.2,89.8,64.1,73.4,98.0,43.7
13.0016,80.2947,17,0,2,68.4,68.1,87.3,69.3,90.3,98.0
13.0411,80.1518,5,4,4,85.9,71.9,74.1,87.9,82.5,76.3
13.0759,80.2679,8,2,5,62.7,76.9,61.5,65.5,94.7,86.8
13.1226,80.2727,8,2,3,79.3,76.9,57.1,48.2,94.7,87.7
12.9598,80.2775,13,1,5,79.5,72.2,93.0,48.0,92.6,98.0
13.1499,80.1984,7,1,3,66.2,92.3,61.0,63.7,94.2,96.1
13.107,80.2928,18,0,4,75.1,68.1,57.1,48.6,90.3,98.0
12.9704,80.1683,2,4,5,52.0,81.3,92.6,49.9,87.1,43.7
13.1684,80.1899,17,1,5,68.1,89.6,66.5,79.0,92.0,98.0
13.1802,80.3255,4,3,5,58.7,62.7,69.8,84.6,81.0,57.3
12.9653,80.2977,13,1,5,66.7,64.8,92.6,49.9,87.8,98.0
13.0192,80.1527,3,1,3,74.9,71.9,81.2,83.2,82.5,77.7
13.1516,80.1997,6,0,3,72.9,92.3,61.0,63.7,94.2,98.0
13.1371,80.1929,19,2,2,65.0,89.6,59.0,56.4,92.0,73.1
12.9961,80.2042,11,0,2,74.7,92.3,87.3,69.3,94.2,98.0
13.0023,80.1995,1,1,2,68.8,92.3,87.3,69.3,94.2,71.7
13.0426,80.1625,10,3,4,91.6,76.6,74.1,87.9,84.7,90.1
13.0711,80.2418,13,5,5,51.5,89.8,64.1,73.4,98.0,60.3
13.1046,80.2965,21,0,4,77.0,64.8,57.9,52.0,87.8,98.0
13.0422,80.2713,22,3,4,62.4,76.9,74.1,87.9,94.7,54.2
13.0656,80.2846,15,1,5,68.0,72.2,64.1,73.4,92.6,98.0
13.1369,80.1662,19,4,2,57.7,81.3,59.0,56.4,87.1,48.2
12.9592,80.3403,5,4,5,48.1,64.8,93.0,48.0,79.5,62.5
13.0131,80.3177,22,1,2,73.2,62.0,84.4,77.0,83.0,71.8
13.1283,80.311,3,2,2,58.9,62.7,57.7,51.0,85.3,53.8
13.1738,80.3146,14,3,5,61.7,62.7,66.5,79.0,85.3,75.2
13.0779,80.3365,23,3,5,93.7,64.8,61.5,65.5,79.5,72.9
13.083,80.2589,0,3,5,49.2,81.7,61.5,65.5,96.3,55.6
12.9768,80.1901,6,1,4,63.6,89.6,91.4,54.6,92.0,98.0
13.0619,80.2734,11,3,5,56.6,76.9,67.2,80.5,94.7,75.5
13.0832,80.2986,9,1,5,81.1,64.8,61.5,65.5,87.8,98.0
13.0106,80.2976,4,1,2,69.6,64.8,84.4,77.0,87.8,70.7
13.0173,80.2543,11,0,3,68.4,86.1,81.2,83.2,97.4,98.0
13.0443,80.1637,17,4,4,90.3,76.6,74.1,87.9,84.7,78.4
12.955,80.2242,9,2,5,89.7,93.8,93.0,48.0,97.2,98.0
13.0305,80.3342,5,3,4,80.7,62.7,77.7,87.1,81.0,85.9
13.0029,80.2669,11,1,2,76.4,76.9,87.3,69.3,94.7,93.9
13.0319,80.2577,6,2,4,61.0,81.7,77.7,87.1,96.3,84.6
12.9799,80.2038,17,0,4,72.6,92.3,91.4,54.6,94.2,98.0
13.1726,80.2237,1,3,5,77.4,93.8,66.5,79.0,97.2,67.9
13.0984,80.3291,9,0,4,76.0,62.7,57.9,52.0,81.0,98.0
13.1198,80.2833,14,1,3,71.1,72.2,57.1,48.2,92.6,96.1
13.1473,80.3075,11,2,3,59.1,62.7,61.0,63.7,85.3,78.5
13.0746,80.2409,16,5,5,51.6,89.8,64.1,73.4,98.0,62.6
12.9717,80.276,3,1,5,80.8,72.2,92.6,49.9,92.6,89.5
13.0843,80.1997,6,1,5,71.4,92.3,61.5,65.5,94.2,98.0
13.0967,80.2911,8,0,4,71.7,68.1,57.9,52.0,90.3,98.0
13.1364,80.2355,18,5,2,94.4,89.8,59.0,56.4,98.0,68.7
13.0579,80.2385,22,4,5,49.5,89.8,67.2,80.5,98.0,44.1
12.9819,80.2799,6,2,4,78.6,72.2,91.4,54.6,92.6,96.8
13.0209,80.3373,22,0,3,75.6,64.8,81.2,83.2,79.5,92.5
13.0408,80.1628,1,4,4,93.0,76.6,74.1,87.9,84.7,59.8
13.1115,80.3149,5,0,4,70.2,62.7,57.1,48.6,85.3,98.0
13.0927,80.2085,17,1,5,68.0,93.8,59.4,58.0,95.9,98.0
13.039,80.2388,5,3,4,61.9,89.8,74.1,87.9,98.0,71.5
13.1966,80.1544,12,1,5,76.5,71.9,76.9,87.6,82.5,98.0
13.1014,80.2102,18,0,4,68.9,93.8,57.9,52.0,95.9,98.0
13.0093,80.2505,1,1,2,76.7,86.1,84.4,77.0,97.4,71.0
12.9754,80.1612,11,4,4,50.7,76.6,91.4,54.6,84.7,59.0
12.9882,80.2482,14,4,3,87.9,86.1,89.7,61.5,97.4,68.6
13.0115,80.3354,13,0,2,72.9,64.8,84.4,77.0,79.5,98.0
12.9902,80.1711,5,4,3,61.5,81.3,89.7,61.5,87.1,55.3
12.9966,80.3029,17,0,2,65.6,64.8,87.3,69.3,87.8,98.0
13.0213,80.2319,4,1,3,68.2,92.5,81.2,83.2,97.9,74.6
12.9933,80.281,17,1,3,82.3,72.2,89.7,61.5,92.6,98.0
13.1742,80.202,2,1,5,66.3,92.3,66.5,79.0,94.2,87.7
12.9701,80.1819,2,2,5,56.1,85.8,92.6,49.9,89.6,66.7
13.0811,80.1821,21,3,5,77.7,85.8,61.5,65.5,89.6,89.0
13.0526,80.1641,21,4,5,88.5,76.6,70.6,85.6,84.7,80.9
13.1956,80.1871,9,1,5,76.2,89.6,76.9,87.6,92.0,98.0
12.978,80.2828,18,1,4,79.0,72.2,91.4,54.6,92.6,98.0
13.0495,80.3263,2,5,5,89.9,62.7,70.6,85.6,81.0,63.3
13.1924,80.3128,11,0,5,67.3,62.7,73.3,87.6,85.3,98.0
13.1664,80.287,15,1,5,74.1,68.1,66.5,79.0,90.3,98.0
13.1543,80.1721,16,3,3,49.1,81.3,61.0,63.7,87.1,66.2
13.0145,80.2078,6,1,2,75.6,93.8,84.4,77.0,95.9,90.6
12.9927,80.212,12,1,3,80.9,93.8,89.7,61.5,95.9,98.0
13.1172,80.2,23,1,3,67.5,92.3,57.1,48.2,94.2,77.1
13.1823,80.253,1,2,5,75.5,86.1,69.8,84.6,97.4,79.7
13.0892,80.2571,3,2,5,63.5,81.7,59.4,58.0,96.3,70.4
13.0929,80.2214,9,1,5,63.1,93.8,59.4,58.0,97.2,97.7
13.02,80.2208,6,1,3,70.8,93.8,81.2,83.2,97.2,97.2
13.1424,80.3157,23,3,2,52.3,62.0,59.0,56.4,83.0,40.0
12.9968,80.3079,16,2,2,60.2,62.7,87.3,69.3,85.3,74.5
13.0309,80.2116,19,0,4,67.2,93.8,77.7,87.1,95.9,98.0
13.0564,80.3328,5,5,5,91.4,62.7,67.2,80.5,81.0,81.1
13.0769,80.3406,18,3,5,89.7,64.8,61.5,65.5,79.5,88.1
13.0106,80.2153,4,1,2,73.3,93.8,84.4,77.0,97.2,72.6
12.9787,80.2209,9,2,4,81.9,93.8,91.4,54.6,97.2,98.0
13.1027,80.2511,8,1,4,65.7,86.1,57.9,52.0,97.4,98.0
13.0222,80.3382,12,0,3,72.7,64.8,81.2,83.2,79.5,98.0
13.0953,80.3253,18,1,4,77.4,62.7,57.9,52.0,81.0,98.0
12.9886,80.1705,20,3,3,60.5,81.3,89.7,61.5,87.1,66.4
13.0703,80.2285,23,4,5,55.0,92.5,64.1,73.4,97.9,43.7
13.0831,80.2607,5,2,5,55.1,81.7,61.5,65.5,96.3,85.9
12.963,80.2506,3,5,5,90.7,86.1,93.0,48.0,97.4,65.8
13.0342,80.1888,23,0,4,72.1,89.6,77.7,87.1,92.0,98.0
12.9836,80.3218,2,4,4,53.7,62.0,91.4,54.6,83.0,42.4
12.9658,80.2854,2,0,5,74.6,68.1,92.6,49.9,90.3,97.5
13.1975,80.3176,3,1,5,78.1,62.0,76.9,87.6,83.0,84.7
13.0306,80.3218,4,1,4,79.3,62.0,77.7,87.1,83.0,87.6
13.1525,80.2997,7,2,3,60.8,64.8,61.0,63.7,87.8,80.0
13.0137,80.2378,15,0,2,77.0,89.8,84.4,77.0,98.0,98.0
13.1204,80.2721,21,2,3,79.9,76.9,57.1,48.2,94.7,87.3
13.1401,80.1821,2,2,2,59.6,85.8,59.0,56.4,89.6,53.6
13.0989,80.2847,23,1,4,73.5,72.2,57.9,52.0,92.6,85.5
13.0679,80.1859,11,1,5,79.4,89.6,64.1,73.4,92.0,98.0
13.053,80.2888,7,1,5,69.9,68.1,70.6,85.6,90.3,98.0
13.0372,80.1959,12,0,4,71.3,92.3,74.1,87.9,94.2,98.0
13.1824,80.1735,3,2,5,64.7,81.3,69.8,84.6,87.1,70.5
13.1577,80.1831,13,2,4,58.6,85.8,63.5,71.6,89.6,84.5
13.1913,80.1504,13,1,5,66.9,71.9,73.3,87.6,82.5,98.0
12.9811,80.2937,12,0,4,66.8,68.1,91.4,54.6,90.3,98.0
13.1327,80.2965,5,2,2,67.7,64.8,57.7,51.0,87.8,74.3
13.1846,80.253,16,2,5,82.0,86.1,69.8,84.6,97.4,98.0
12.9953,80.1823,3,2,2,66.3,85.8,87.3,69.3,89.6,55.0
12.9666,80.1667,7,3,5,55.8,81.3,92.6,49.9,87.1,74.0
13.1353,80.1538,16,5,2,48.3,71.9,59.0,56.4,82.5,44.1
13.0936,80.1831,2,1,5,82.8,85.8,59.4,58.0,89.6,90.5
13.1605,80.3282,16,5,4,45.0,62.7,63.5,71.6,81.0,55.8
12.9849,80.1983,8,0,4,71.0,92.3,91.4,54.6,94.2,98.0
13.1488,80.2209,1,3,3,84.7,93.8,61.0,63.7,97.2,62.0
13.0004,80.1711,12,1,2,66.7,81.3,87.3,69.3,87.1,84.9
12.9909,80.1945,19,2,3,69.2,89.6,89.7,61.5,92.0,84.1
12.9911,80.2538,1,3,3,93.0,86.1,89.7,61.5,97.4,64.5
13.1536,80.2716,19,3,3,80.4,76.9,61.0,63.7,94.7,80.1
13.1163,80.1991,10,0,3,75.0,92.3,57.1,48.2,94.2,98.0
13.0808,80.1615,21,4,5,93.9,76.6,61.5,65.5,84.7,81.5
13.0397,80.2282,14,2,4,59.2,92.5,74.1,87.9,97.9,85.7
13.1693,80.1968,10,1,5,72.8,92.3,66.5,79.0,94.2,98.0
13.0481,80.1939,22,1,5,77.8,89.6,70.6,85.6,92.0,91.9
13.1541,80.342,2,5,3,47.9,64.8,61.0,63.7,79.5,33.0
13.0598,80.2733,2,2,5,54.6,76.9,67.2,80.5,94.7,70.1
13.0442,80.2614,11,3,4,62.4,81.7,74.1,87.9,96.3,71.6
13.0657,80.2332,23,3,5,54.6,92.5,64.1,73.4,97.9,53.6
13.0253,80.2358,4,3,4,63.1,89.8,77.7,87.1,98.0,57.2
13.1369,80.2582,19,3,2,92.5,81.7,59.0,56.4,96.3,76.5
13.0757,80.2893,6,1,5,80.7,68.1,61.5,65.5,90.3,98.0
13.0081,80.2904,6,0,2,66.9,68.1,84.4,77.0,90.3,98.0
13.1749,80.1843,12,3,5,56.4,85.8,66.5,79.0,89.6,73.2
13.046,80.25,8,4,5,48.6,86.1,70.6,85.6,97.4,59.0
13.0859,80.2324,20,2,5,59.7,92.5,59.4,58.0,97.9,88.7
13.1766,80.3241,12,1,5,61.1,62.0,69.8,84.6,83.0,98.0
13.1061,80.2763,11,1,4,76.0,72.2,57.1,48.6,92.6,98.0
12.9792,80.2565,12,3,4,89.2,81.7,91.4,54.6,96.3,89.1
13.185,80.1731,23,2,5,56.7,81.3,69.8,84.6,87.1,65.9
13.1069,80.2711,9,0,4,75.6,76.9,57.1,48.6,94.7,98.0
13.0337,80.1734,0,2,4,87.7,81.3,77.7,87.1,87.1,79.0
12.9848,80.2174,7,2,4,87.6,93.8,91.4,54.6,97.2,97.8
13.1485,80.1786,21,3,3,58.5,85.8,61.0,63.7,89.6,68.5
13.105,80.2884,15,0,4,65.6,68.1,57.1,48.6,90.3,98.0
13.0834,80.1913,12,2,5,84.4,89.6,61.5,65.5,92.0,97.4
13.1735,80.2284,2,2,5,91.4,92.5,66.5,79.0,97.9,82.1
13.1471,80.3291,2,5,3,50.2,62.7,61.0,63.7,81.0,33.7
12.9879,80.1909,23,1,3,59.3,89.6,89.7,61.5,92.0,72.4
13.0279,80.2516,4,3,4,57.9,86.1,77.7,87.1,97.4,56.9
13.0121,80.2339,10,0,2,78.0,92.5,84.4,77.0,97.9,98.0
13.136,80.1536,6,5,2,54.1,71.9,59.0,56.4,82.5,45.9
12.9584,80.3086,20,2,5,62.4,62.7,93.0,48.0,85.3,87.0
13.0925,80.1638,23,3,5,83.0,76.6,59.4,58.0,84.7,68.7
13.1406,80.2449,9,4,2,94.4,89.8,59.0,56.4,98.0,66.0
13.1692,80.2621,9,3,5,89.5,81.7,66.5,79.0,96.3,87.6
13.0355,80.2757,19,1,4,62.9,72.2,74.1,87.9,92.6,98.0
13.1553,80.2877,1,1,4,71.8,68.1,63.5,71.6,90.3,83.9
12.9777,80.2007,2,0,4,74.4,92.3,91.4,54.6,94.2,95.4
13.1616,80.152,7,5,4,51.2,71.9,63.5,71.6,82.5,60.9
12.9819,80.2947,10,0,4,76.7,68.1,91.4,54.6,90.3,98.0
13.0493,80.2571,12,4,5,53.2,81.7,70.6,85.6,96.3,63.8
13.1493,80.3172,6,3,3,50.1,62.0,61.0,63.7,83.0,61.7
12.9875,80.3143,12,3,3,54.1,62.7,89.7,61.5,85.3,69.1
13.0073,80.3187,1,0,2,66.0,62.0,84.4,77.0,83.0,80.8
13.1306,80.247,5,4,2,86.0,86.1,57.7,51.0,97.4,65.2
13.13,80.2167,8,2,2,81.6,93.8,57.7,51.0,97.2,81.4
13.1103,80.3083,19,1,4,70.8,62.7,57.1,48.6,85.3,98.0
13.1235,80.2403,1,2,3,80.4,89.8,57.1,48.2,98.0,68.6
13.0857,80.1867,17,1,5,71.6,89.6,59.4,58.0,92.0,98.0
13.0129,80.321,15,0,2,62.7,62.0,84.4,77.0,83.0,96.3
13.0364,80.3265,11,4,4,88.5,62.7,74.1,87.9,81.0,76.6
12.9954,80.2433,6,2,2,88.9,89.8,87.3,69.3,98.0,87.2
13.1771,80.1651,6,2,5,59.9,81.3,69.8,84.6,87.1,88.8
13.0958,80.2276,16,0,4,71.0,92.5,57.9,52.0,97.9,98.0
13.0502,80.3107,12,3,5,80.7,62.7,70.6,85.6,85.3,87.6
13.0655,80.3304,10,4,5,91.8,62.7,64.1,73.4,81.0,80.6
13.1868,80.1907,5,1,5,72.1,89.6,73.3,87.6,92.0,98.0
12.9883,80.1634,22,3,3,51.8,76.6,89.7,61.5,84.7,46.3
13.0966,80.3255,13,1,4,76.9,62.7,57.9,52.0,81.0,98.0
13.0765,80.2279,5,2,5,60.3,92.5,61.5,65.5,97.9,83.5
13.1029,80.2584,5,1,4,67.0,81.7,57.9,52.0,96.3,98.0
12.9545,80.3436,1,3,5,53.7,64.8,92.7,49.3,79.5,54.2
13.168,80.1633,21,4,5,61.1,76.6,66.5,79.0,84.7,62.3
13.183,80.2797,19,0,5,83.1,72.2,69.8,84.6,92.6,98.0
13.0913,80.1648,14,3,5,83.1,76.6,59.4,58.0,84.7,87.8
13.1242,80.2251,16,1,3,89.1,92.5,57.1,48.2,97.9,98.0
13.1806,80.3108,7,2,5,61.7,62.7,69.8,84.6,85.3,88.0
13.1268,80.2367,4,3,2,88.7,89.8,57.7,51.0,98.0,54.4
12.9881,80.3494,16,4,3,57.4,68.0,89.7,61.5,78.4,57.7
13.0941,80.2618,19,1,5,62.9,81.7,59.4,58.0,96.3,98.0
13.1017,80.2142,0,1,4,68.9,93.8,57.9,52.0,95.9,85.0
13.056,80.194,21,1,5,77.3,89.6,67.2,80.5,92.0,98.0
13.1341,80.2201,17,3,2,88.5,93.8,57.7,51.0,97.2,73.2
13.1836,80.2245,14,1,5,78.8,93.8,69.8,84.6,97.2,98.0
13.1814,80.1637,4,3,5,64.6,76.6,69.8,84.6,84.7,57.4
13.0627,80.2239,6,2,5,56.5,93.8,67.2,80.5,97.2,83.9
12.9783,80.2428,17,5,4,93.6,89.8,91.4,54.6,98.0,80.5
13.1962,80.2945,5,0,5,67.9,68.1,76.9,87.6,90.3,98.0
13.1597,80.2813,21,2,4,75.1,72.2,63.5,71.6,92.6,92.8
12.9812,80.2918,20,0,4,73.7,68.1,91.4,54.6,90.3,98.0
13.1802,80.1517,4,3,5,60.5,71.9,69.8,84.6,82.5,55.7
13.1675,80.1935,18,1,5,66.6,89.6,66.5,79.0,92.0,98.0
13.0797,80.2823,9,2,5,64.0,72.2,61.5,65.5,92.6,89.5
13.0978,80.2468,14,0,4,68.8,86.1,57.9,52.0,97.4,98.0
13.0498,80.1511,9,5,5,87.8,71.9,70.6,85.6,82.5,83.4
12.9637,80.3109,15,2,5,56.9,62.7,93.0,48.0,85.3,86.0
13.0338,80.3046,11,1,4,78.7,64.8,77.7,87.1,87.8,98.0
13.1507,80.2597,17,3,3,87.4,81.7,61.0,63.7,96.3,82.9
12.9512,80.1633,22,4,5,53.4,76.6,92.7,49.3,84.7,43.7
13.0334,80.3033,0,0,4,73.5,64.8,77.7,87.1,87.8,95.9
13.0495,80.2667,15,3,5,58.5,76.9,70.6,85.6,94.7,72.6
13.0843,80.3064,21,2,5,85.6,62.7,61.5,65.5,85.3,98.0
13.18,80.3003,5,1,5,69.6,64.8,69.8,84.6,87.8,98.0
13.0366,80.3106,2,2,4,81.7,62.7,74.1,87.9,85.3,78.8
13.0367,80.2536,1,4,4,51.9,86.1,74.1,87.9,97.4,41.7
13.1344,80.1781,1,2,2,58.4,85.8,57.7,51.0,89.6,52.8
13.0631,80.2842,12,2,5,58.0,72.2,67.2,80.5,92.6,90.4
13.0062,80.2741,8,0,2,72.5,76.9,84.4,77.0,94.7,98.0
13.0631,80.2985,15,2,5,82.7,64.8,67.2,80.5,87.8,95.4
12.9852,80.184,4,2,3,57.6,85.8,89.7,61.5,89.6,64.4
12.9941,80.189,22,2,3,71.2,89.6,89.7,61.5,92.0,64.2
13.0746,80.3281,20,4,5,93.1,62.7,64.1,73.4,81.0,80.5
13.0547,80.3,6,2,5,80.3,64.8,70.6,85.6,87.8,95.7
13.1787,80.3316,12,2,5,55.3,62.7,69.8,84.6,81.0,84.9
13.0406,80.3017,19,2,4,77.8,64.8,74.1,87.9,87.8,92.3
13.0951,80.2694,23,0,4,69.4,76.9,57.9,52.0,94.7,93.2
13.1081,80.2808,12,1,4,71.0,72.2,57.1,48.6,92.6,98.0
12.9533,80.3278,6,3,5,56.3,62.7,92.7,49.3,81.0,73.4
13.1159,80.2658,9,2,3,81.8,76.9,57.1,48.2,94.7,89.3
12.9945,80.2765,14,1,3,82.2,72.2,89.7,61.5,92.6,98.0
13.1903,80.1813,20,1,5,68.4,85.8,73.3,87.6,89.6,98.0
12.9872,80.2448,5,3,3,87.4,89.8,89.7,61.5,98.0,82.7
13.0537,80.2933,4,1,5,75.8,68.1,70.6,85.6,90.3,88.5
12.9713,80.2042,22,0,5,66.3,92.3,92.6,49.9,94.2,98.0
13.1992,80.1905,1,1,5,67.9,89.6,76.9,87.6,92.0,87.9
13.0755,80.2128,20,1,5,65.3,93.8,61.5,65.5,95.9,98.0
13.0988,80.1983,14,1,4,68.1,92.3,57.9,52.0,94.2,98.0
12.9668,80.193,15,1,5,59.8,89.6,92.6,49.9,92.0,98.0
13.1375,80.235,18,4,2,86.8,92.5,59.0,56.4,97.9,62.0
13.0025,80.3316,8,2,2,61.3,62.7,87.3,69.3,81.0,75.3
13.1745,80.2514,21,4,5,96.5,86.1,66.5,79.0,97.4,80.7
13.0013,80.1876,18,0,2,71.4,89.6,87.3,69.3,92.0,98.0
12.9977,80.1654,6,2,2,63.8,81.3,87.3,69.3,87.1,72.9
12.9591,80.2892,3,0,5,72.7,68.1,93.0,48.0,90.3,98.0
13.068,80.2266,2,4,5,52.5,92.5,64.1,73.4,97.9,43.8
13.0912,80.3144,23,1,5,78.9,62.7,59.4,58.0,85.3,91.3
12.9664,80.2819,19,2,5,76.4,72.2,92.6,49.9,92.6,96.4
13.1439,80.3092,10,2,2,64.5,62.7,59.0,56.4,85.3,73.9
13.0633,80.2044,0,1,5,76.3,92.3,67.2,80.5,94.2,87.3
13.0811,80.2885,5,0,5,72.9,68.1,61.5,65.5,90.3,98.0
13.0602,80.2028,10,1,5,77.0,92.3,67.2,80.5,94.2,98.0
13.0502,80.3378,0,4,5,88.4,64.8,70.6,85.6,79.5,64.7
13.0899,80.2773,20,1,5,67.4,72.2,59.4,58.0,92.6,98.0
12.9888,80.2149,6,1,3,73.8,93.8,89.7,61.5,95.9,97.5
12.9955,80.2039,5,1,2,67.6,92.3,87.3,69.3,94.2,92.0
13.1654,80.1882,13,1,5,66.0,89.6,66.5,79.0,92.0,98.0
13.1865,80.2889,1,1,5,73.8,68.1,73.3,87.6,90.3,88.3
13.0433,80.1937,3,1,4,80.8,89.6,74.1,87.9,92.0,89.6
13.0177,80.2691,10,1,3,67.7,76.9,81.2,83.2,94.7,94.2
13.111,80.2029,14,0,4,74.3,92.3,57.1,48.6,94.2,98.0
13.0522,80.2824,17,2,5,64.8,72.2,70.6,85.6,92.6,90.1
12.9563,80.313,0,2,5,61.2,62.7,93.0,48.0,85.3,66.1
12.989,80.3056,2,3,3,63.3,62.7,89.7,61.5,85.3,49.6
13.129,80.3022,2,1,2,68.4,64.8,57.7,51.0,87.8,70.2
13.1147,80.1875,6,1,4,75.4,89.6,57.1,48.6,92.0,98.0
12.9568,80.1677,0,3,5,58.0,81.3,93.0,48.0,87.1,57.2
13.0055,80.2898,10,1,2,72.9,68.1,84.4,77.0,90.3,89.8
13.0078,80.2237,5,0,2,77.1,93.8,84.4,77.0,97.2,98.0
13.118,80.2365,19,3,3,82.0,89.8,57.1,48.2,98.0,79.0
12.9549,80.1562,2,3,5,55.4,76.6,92.7,49.3,84.7,54.0
12.976,80.2019,18,1,4,75.6,92.3,91.4,54.6,94.2,98.0
13.15,80.1567,1,4,3,56.4,76.6,61.0,63.7,84.7,32.1
12.9946,80.3258,17,4,3,53.6,62.7,89.7,61.5,81.0,54.0
13.1132,80.1987,11,0,4,75.4,92.3,57.1,48.6,94.2,98.0
13.0095,80.2615,9,1,2,76.4,81.7,84.4,77.0,96.3,89.8
12.9749,80.1578,4,4,5,46.8,76.6,92.6,49.9,84.7,42.1
13.0108,80.2834,8,1,2,69.3,72.2,84.4,77.0,92.6,88.9
13.1306,80.2146,1,1,2,79.1,93.8,57.7,51.0,95.9,73.1
13.1639,80.3296,1,5,4,56.5,62.7,63.5,71.6,81.0,43.4
13.1576,80.3276,5,4,4,47.0,62.7,63.5,71.6,81.0,56.8
13.0493,80.2151,9,3,5,52.0,93.8,70.6,85.6,97.2,72.8
13.117,80.3302,17,2,3,63.4,62.7,57.1,48.2,81.0,78.8
13.0012,80.3492,11,2,2,63.7,68.0,87.3,69.3,78.4,71.1
13.0233,80.3151,3,0,3,77.6,62.0,81.2,83.2,83.0,90.7
13.1741,80.319,21,3,5,57.6,62.0,66.5,79.0,83.0,74.2
12.9533,80.1998,20,0,5,68.0,92.3,92.7,49.3,94.2,98.0
12.9714,80.2653,16,3,5,89.2,76.9,92.6,49.9,94.7,89.8
13.002,80.1635,14,2,2,64.1,76.6,87.3,69.3,84.7,73.5
12.9566,80.169,5,4,5,54.4,81.3,93.0,48.0,87.1,59.5
12.9954,80.3498,15,1,2,61.5,68.0,87.3,69.3,78.4,84.6
13.0958,80.2153,16,1,4,75.5,93.8,57.9,52.0,97.2,98.0
13.0554,80.2996,2,1,5,84.1,64.8,67.2,80.5,87.8,91.9
13.1732,80.3113,9,3,5,59.1,62.7,66.5,79.0,85.3,76.1
13.1544,80.3216,4,3,3,53.7,62.0,61.0,63.7,83.0,44.2
13.0355,80.3495,13,3,4,85.4,68.0,74.1,87.9,78.4,86.4
13.0149,80.1983,20,0,2,76.8,92.3,84.4,77.0,94.2,98.0
13.0449,80.1581,12,4,4,92.2,76.6,74.1,87.9,84.7,76.5
13.0976,80.2322,5,0,4,64.6,92.5,57.9,52.0,97.9,98.0
13.017,80.176,11,1,3,76.6,85.8,81.2,83.2,89.6,98.0
13.106,80.1545,7,0,4,70.6,71.9,57.1,48.6,82.5,98.0
13.0524,80.2221,4,3,5,60.6,93.8,70.6,85.6,97.2,57.0
13.088,80.3067,14,1,5,80.1,62.7,59.4,58.0,85.3,98.0
13.059,80.2632,15,4,5,50.5,81.7,67.2,80.5,96.3,60.1
13.0236,80.2126,0,0,3,69.8,93.8,81.2,83.2,95.9,85.7
13.1871,80.2809,15,1,5,73.7,72.2,73.3,87.6,92.6,98.0
13.1409,80.1964,4,0,2,71.9,92.3,59.0,56.4,94.2,84.3
12.985,80.1529,2,4,3,53.9,71.9,89.7,61.5,82.5,38.5
13.1671,80.3029,19,1,5,62.0,64.8,66.5,79.0,87.8,98.0
13.0719,80.2747,14,3,5,60.6,76.9,64.1,73.4,94.7,72.5
13.1736,80.3025,12,1,5,74.5,64.8,66.5,79.0,87.8,98.0
13.15,80.1578,23,5,3,47.6,76.6,61.0,63.7,84.7,31.2
13.0563,80.3174,15,3,5,90.4,62.0,67.2,80.5,83.0,90.9
12.9556,80.2739,22,3,5,85.6,76.9,93.0,48.0,94.7,69.9
13.0172,80.2627,10,0,3,70.7,81.7,81.2,83.2,96.3,98.0
13.0854,80.2749,20,2,5,59.1,76.9,59.4,58.0,94.7,88.5
13.1084,80.3229,1,0,4,61.5,62.0,57.1,48.6,83.0,93.9
13.0145,80.2674,21,1,2,71.6,76.9,84.4,77.0,94.7,90.7
12.9848,80.2662,5,2,4,89.4,76.9,91.4,54.6,94.7,97.0
13.1587,80.3481,5,4,4,57.3,68.0,63.5,71.6,78.4,59.9
13.1961,80.3013,13,0,5,78.6,64.8,76.9,87.6,87.8,98.0
13.0814,80.2385,10,4,5,52.9,89.8,61.5,65.5,98.0,63.4
12.9929,80.2915,7,0,3,70.8,68.1,89.7,61.5,90.3,98.0
13.0181,80.2278,7,1,3,67.4,92.5,81.2,83.2,97.9,94.2
12.9546,80.1958,0,0,5,75.8,92.3,92.7,49.3,94.2,95.6
13.1786,80.2694,20,2,5,79.1,76.9,69.8,84.6,94.7,97.6
12.9794,80.3356,6,4,4,52.2,64.8,91.4,54.6,79.5,60.8
13.0941,80.3358,5,3,5,82.6,64.8,59.4,58.0,79.5,86.7
13.0185,80.2184,20,0,3,71.4,93.8,81.2,83.2,97.2,98.0
13.0885,80.2555,7,2,5,61.3,81.7,59.4,58.0,96.3,88.9
13.1129,80.1923,18,0,4,68.7,89.6,57.1,48.6,92.0,98.0
13.1574,80.3491,21,4,4,52.6,68.0,63.5,71.6,78.4,61.9
13.0016,80.3462,20,1,2,52.7,68.0,87.3,69.3,78.4,84.0
12.9527,80.2799,23,2,5,77.9,72.2,92.7,49.3,92.6,75.5
12.9842,80.3109,19,2,4,59.6,62.7,91.4,54.6,85.3,85.2
13.175,80.293,7,1,5,73.8,68.1,69.8,84.6,90.3,98.0
13.1685,80.2686,13,2,5,86.9,76.9,66.5,79.0,94.7,98.0
13.0994,80.1607,17,1,4,77.8,76.6,57.9,52.0,84.7,98.0
13.1001,80.241,15,0,4,65.7,89.8,57.9,52.0,98.0,98.0
13.1163,80.285,8,1,3,74.7,72.2,57.1,48.2,92.6,94.7
12.9938,80.2855,14,0,3,75.6,68.1,89.7,61.5,90.3,98.0
13.1786,80.2246,9,2,5,76.3,93.8,69.8,84.6,97.2,95.6
13.0547,80.3383,21,4,5,93.2,64.8,70.6,85.6,79.5,81.4
13.0458,80.1835,15,3,5,87.2,85.8,70.6,85.6,89.6,86.6
13.0797,80.2501,3,3,5,53.2,86.1,61.5,65.5,97.4,54.7
12.9617,80.2882,19,1,5,77.8,68.1,93.0,48.0,90.3,98.0
12.9916,80.2894,12,0,3,75.3,68.1,89.7,61.5,90.3,98.0
13.1345,80.2797,21,2,2,76.4,72.2,57.7,51.0,92.6,80.5
12.9707,80.2051,4,1,5,78.8,93.8,92.6,49.9,95.9,91.1
13.1008,80.1812,21,1,4,78.6,85.8,57.9,52.0,89.6,98.0
13.0113,80.2772,6,0,2,76.9,72.2,84.4,77.0,92.6,98.0
13.0473,80.2699,22,3,5,57.4,76.9,70.6,85.6,94.7,55.6
13.0222,80.1859,8,0,3,74.3,89.6,81.2,83.2,92.0,98.0
13.0389,80.291,7,1,4,74.1,68.1,74.1,87.9,90.3,98.0
13.1298,80.241,15,3,2,88.8,89.8,57.7,51.0,98.0,76.0
13.0243,80.2836,5,1,3,64.5,72.2,81.2,83.2,92.6,97.7
13.0916,80.3175,15,1,5,80.6,62.0,59.4,58.0,83.0,98.0
13.069,80.1839,5,3,5,86.0,85.8,64.1,73.4,89.6,88.5
13.1159,80.1538,13,2,3,60.9,71.9,57.1,48.2,82.5,80.6
13.1842,80.3058,20,2,5,67.3,62.7,69.8,84.6,85.3,90.3
13.1331,80.2719,0,2,2,84.3,76.9,57.7,51.0,94.7,65.6
13.0037,80.2899,8,1,2,77.4,68.1,87.3,69.3,90.3,88.1
12.9578,80.3176,23,3,5,54.6,62.0,93.0,48.0,83.0,54.8
13.0156,80.3106,12,1,3,76.8,62.7,81.2,83.2,85.3,96.3
13.0988,80.3422,18,0,4,70.5,64.8,57.9,52.0,79.5,98.0
12.9629,80.2572,16,4,5,90.7,81.7,93.0,48.0,96.3,82.4
13.0741,80.2477,10,4,5,47.8,86.1,64.1,73.4,97.4,62.0
13.0992,80.2304,7,1,4,75.9,92.5,57.9,52.0,97.9,98.0
13.0336,80.1807,22,1,4,75.3,85.8,77.7,87.1,89.6,87.0
13.1427,80.2645,4,4,2,90.1,81.7,59.0,56.4,96.3,48.0
12.9766,80.2054,9,1,4,77.1,93.8,91.4,54.6,95.9,98.0
12.9688,80.3343,6,5,5,47.0,62.7,92.6,49.9,81.0,57.1
13.132,80.2666,9,2,2,86.3,76.9,57.7,51.0,94.7,80.7
13.0739,80.2686,3,3,5,58.0,76.9,64.1,73.4,94.7,61.4
13.1221,80.221,8,1,3,79.0,93.8,57.1,48.2,97.2,97.9
13.0587,80.1604,13,5,5,93.6,76.6,67.2,80.5,84.7,81.9
13.0116,80.1563,1,0,2,68.6,76.6,84.4,77.0,84.7,82.2
13.1548,80.2347,8,4,3,87.8,92.5,61.0,63.7,97.9,74.2
13.1499,80.1669,20,3,3,53.5,81.3,61.0,63.7,87.1,64.6
13.1237,80.2714,0,2,3,77.3,76.9,57.1,48.2,94.7,71.9
13.018,80.3262,22,0,3,74.9,62.7,81.2,83.2,81.0,91.7
13.0976,80.3266,9,1,4,72.9,62.7,57.9,52.0,81.0,98.0
13.0402,80.2818,9,1,4,68.2,72.2,74.1,87.9,92.6,98.0
12.9729,80.1922,19,2,5,61.6,89.6,92.6,49.9,92.0,87.8
13.1793,80.3226,21,1,5,64.7,62.0,69.8,84.6,83.0,98.0
12.9842,80.3272,2,5,4,51.2,62.7,91.4,54.6,81.0,40.8
13.1876,80.1893,5,0,5,65.0,89.6,73.3,87.6,92.0,98.0
13.0615,80.2975,5,2,5,80.5,64.8,67.2,80.5,87.8,95.9
12.9963,80.2073,20,0,2,78.9,93.8,87.3,69.3,95.9,98.0
13.0855,80.3105,1,2,5,81.2,62.7,59.4,58.0,85.3,81.7
13.1682,80.3494,17,2,5,57.3,68.0,66.5,79.0,78.4,86.7
13.1331,80.156,22,4,2,53.5,76.6,57.7,51.0,84.7,33.1
13.1516,80.3295,1,4,3,56.3,62.7,61.0,63.7,81.0,34.5
13.1147,80.2745,11,1,4,75.7,76.9,57.1,48.6,94.7,98.0
13.1231,80.3447,21,2,3,60.7,64.8,57.1,48.2,79.5,78.0
13.1623,80.243,4,5,4,94.9,89.8,63.5,71.6,98.0,61.8
13.0124,80.3195,19,0,2,69.1,62.0,84.4,77.0,83.0,98.0
13.0724,80.1625,6,5,5,87.3,76.6,64.1,73.4,84.7,81.0
13.0053,80.2171,23,0,2,77.2,93.8,84.4,77.0,97.2,84.4
13.1969,80.1634,15,1,5,80.3,76.6,76.9,87.6,84.7,98.0
13.186,80.3451,19,0,5,65.7,68.0,73.3,87.6,78.4,98.0
12.9599,80.3134,0,3,5,58.6,62.7,93.0,48.0,85.3,58.1
13.1264,80.3205,0,2,2,55.0,62.0,57.7,51.0,83.0,54.4
13.1813,80.3376,16,3,5,67.2,64.8,69.8,84.6,79.5,77.0
12.9951,80.167,0,1,2,66.0,81.3,87.3,69.3,87.1,65.6
13.092,80.2271,20,2,5,65.8,92.5,59.4,58.0,97.9,90.3
13.1789,80.1642,19,2,5,63.9,76.6,69.8,84.6,84.7,88.0
12.9585,80.1922,12,2,5,55.8,89.6,93.0,48.0,92.0,87.2
13.1244,80.1959,8,0,3,70.0,92.3,57.1,48.2,94.2,98.0
13.0243,80.2438,14,1,3,68.7,89.8,81.2,83.2,98.0,93.7
13.1811,80.2037,2,0,5,69.4,92.3,69.8,84.6,94.2,96.1
13.1928,80.1702,13,1,5,66.7,81.3,73.3,87.6,87.1,98.0
13.1861,80.1835,22,0,5,67.7,85.8,73.3,87.6,89.6,95.9
13.0686,80.1795,10,3,5,84.2,85.8,64.1,73.4,89.6,88.7
13.1655,80.3446,23,3,5,56.9,64.8,66.5,79.0,79.5,50.9
13.1611,80.3019,21,2,4,68.1,64.8,63.5,71.6,87.8,90.2
13.0298,80.3436,11,2,4,79.6,64.8,77.7,87.1,79.5,94.6
13.1572,80.2379,12,5,4,90.9,89.8,63.5,71.6,98.0,78.0
12.9593,80.2057,12,1,5,79.5,93.8,93.0,48.0,95.9,98.0
13.0991,80.3097,0,1,4,71.1,62.7,57.9,52.0,85.3,87.6
13.0075,80.2153,23,0,2,71.7,93.8,84.4,77.0,97.2,85.8
12.9801,80.2099,9,2,4,79.9,93.8,91.4,54.6,95.9,92.0
12.9692,80.1965,2,0,5,73.6,92.3,92.6,49.9,94.2,98.0
13.1241,80.1759,23,2,3,63.4,85.8,57.1,48.2,89.6,63.1
13.035,80.2013,3,0,4,73.6,92.3,77.7,87.1,94.2,97.4
13.1312,80.2211,15,3,2,86.3,93.8,57.7,51.0,97.2,73.1
12.9663,80.2848,7,1,5,75.5,72.2,92.6,49.9,92.6,98.0
13.0288,80.1625,15,3,4,91.6,76.6,77.7,87.1,84.7,87.3
13.0849,80.1921,16,1,5,85.1,89.6,61.5,65.5,92.0,98.0
13.1477,80.3118,18,3,3,58.6,62.7,61.0,63.7,85.3,66.5
13.0297,80.1794,21,1,4,79.0,85.8,77.7,87.1,89.6,98.0
13.1065,80.2185,14,1,4,74.5,93.8,57.1,48.6,97.2,98.0
13.1715,80.3229,15,2,5,55.7,62.0,66.5,79.0,83.0,86.2
13.104,80.181,14,1,4,77.0,85.8,57.9,52.0,89.6,98.0
13.0082,80.1665,1,0,2,67.2,81.3,84.4,77.0,87.1,79.6
12.9561,80.2469,10,5,5,89.8,86.1,93.0,48.0,97.4,79.0
13.1675,80.2105,0,1,5,74.8,93.8,66.5,79.0,95.9,91.1
12.9553,80.2627,14,4,5,87.2,81.7,93.0,48.0,96.3,79.9
13.1687,80.3108,18,2,5,59.8,62.7,66.5,79.0,85.3,89.2
13.0822,80.1774,3,3,5,87.0,85.8,61.5,65.5,89.6,71.0
13.1848,80.2661,10,1,5,79.9,76.9,69.8,84.6,94.7,98.0
13.1497,80.2511,4,5,3,90.1,86.1,61.0,63.7,97.4,57.9
13.1995,80.1788,2,0,5,72.4,85.8,76.9,87.6,89.6,98.0
13.0377,80.2748,12,3,4,64.3,76.9,74.1,87.9,94.7,73.7
13.1418,80.2047,9,0,2,74.8,92.3,59.0,56.4,94.2,98.0
13.0505,80.2476,10,5,5,56.8,86.1,70.6,85.6,97.4,60.8
13.07,80.1665,17,3,5,86.2,81.3,64.1,73.4,87.1,89.4
13.1069,80.2419,1,1,4,76.4,89.8,57.1,48.6,98.0,86.7
13.1684,80.2113,6,1,5,76.4,93.8,66.5,79.0,95.9,98.0
13.196,80.3145,8,1,5,76.0,62.7,76.9,87.6,85.3,98.0
13.1421,80.1614,9,4,2,52.9,76.6,59.0,56.4,84.7,46.9
13.0544,80.2337,17,4,5,55.9,92.5,70.6,85.6,97.9,63.0
13.0553,80.2417,22,4,5,53.2,89.8,67.2,80.5,98.0,43.2
13.1344,80.295,6,2,2,65.3,64.8,57.7,51.0,87.8,73.9
13.0097,80.2649,6,0,2,74.7,81.7,84.4,77.0,96.3,98.0
12.9776,80.2834,2,2,4,78.3,72.2,91.4,54.6,92.6,77.1
13.0387,80.3054,11,2,4,84.1,62.7,74.1,87.9,85.3,97.9
13.0218,80.3224,6,1,3,79.1,62.0,81.2,83.2,83.0,98.0
13.0241,80.2128,16,0,3,66.9,93.8,81.2,83.2,95.9,98.0
13.0084,80.2576,0,1,2,75.6,81.7,84.4,77.0,96.3,70.6
12.9605,80.318,4,3,5,58.4,62.0,93.0,48.0,83.0,55.4
12.9545,80.3479,15,3,5,58.7,68.0,92.7,49.3,78.4,76.5
13.1969,80.3279,14,0,5,74.1,62.7,76.9,87.6,81.0,98.0
13.0569,80.2243,1,3,5,57.7,93.8,67.2,80.5,97.2,56.2
13.0461,80.189,8,1,5,77.0,89.6,70.6,85.6,92.0,98.0
13.1199,80.2479,6,3,3,81.8,86.1,57.1,48.2,97.4,79.5
13.0046,80.2983,3,0,2,62.6,64.8,87.3,69.3,87.8,82.2
13.1875,80.2485,19,1,5,78.7,86.1,73.3,87.6,97.4,98.0
13.1466,80.2466,17,4,3,93.0,86.1,61.0,63.7,97.4,74.0
12.9724,80.3176,20,4,5,59.8,62.0,92.6,49.9,83.0,59.8
13.0544,80.2223,3,2,5,61.2,93.8,70.6,85.6,97.2,67.4
13.1698,80.322,12,3,5,57.5,62.0,66.5,79.0,83.0,73.9
13.1862,80.2314,0,0,5,73.8,92.5,73.3,87.6,97.9,98.0
13.0669,80.2156,23,3,5,55.5,93.8,64.1,73.4,97.2,58.0
13.1034,80.2408,2,0,4,62.9,89.8,57.9,52.0,98.0,94.3
12.9918,80.3025,15,2,3,65.3,64.8,89.7,61.5,87.8,79.8
13.1978,80.1752,21,0,5,75.3,85.8,76.9,87.6,89.6,98.0
13.0079,80.1893,3,1,2,70.7,89.6,84.4,77.0,92.0,68.8
13.1857,80.3403,22,0,5,69.8,64.8,73.3,87.6,79.5,95.1
13.1124,80.1851,15,1,4,69.3,89.6,57.1,48.6,92.0,98.0
13.1019,80.2635,18,0,4,66.4,81.7,57.9,52.0,96.3,98.0
13.0782,80.2659,0,3,5,56.5,76.9,61.5,65.5,94.7,58.4
13.0077,80.2479,4,0,2,81.2,86.1,84.4,77.0,97.4,90.0
12.9941,80.2789,18,2,3,78.2,72.2,89.7,61.5,92.6,88.8
13.0051,80.196,21,0,2,66.6,92.3,84.4,77.0,94.2,98.0
12.9966,80.2605,23,2,2,84.0,81.7,87.3,69.3,96.3,64.6
13.1449,80.2244,10,2,2,88.8,93.8,59.0,56.4,97.2,84.8
13.0375,80.2823,12,2,4,64.8,72.2,74.1,87.9,92.6,88.7
12.9645,80.1782,19,2,5,55.3,85.8,93.0,48.0,89.6,87.4
13.1923,80.2642,4,1,5,72.0,81.7,73.3,87.6,96.3,86.1
13.1709,80.1871,20,1,5,63.3,89.6,66.5,79.0,92.0,98.0
13.1819,80.2057,3,1,5,73.7,93.8,69.8,84.6,95.9,86.1
13.1987,80.1937,3,0,5,71.6,89.6,76.9,87.6,92.0,98.0
12.9935,80.1866,3,2,3,62.4,89.6,89.7,61.5,92.0,61.3
13.0491,80.3151,3,3,5,96.2,62.0,70.6,85.6,83.0,72.2
13.1396,80.2071,19,2,2,77.9,93.8,59.0,56.4,95.9,80.8
13.124,80.3354,20,2,3,59.8,64.8,57.1,48.2,79.5,79.8
12.9885,80.344,17,4,3,58.1,64.8,89.7,61.5,79.5,54.1
13.154,80.2643,17,3,3,87.4,81.7,61.0,63.7,96.3,84.1
13.0061,80.1786,15,1,2,69.1,85.8,84.4,77.0,89.6,90.8
13.006,80.2249,8,0,2,67.8,93.8,84.4,77.0,97.2,98.0
13.0842,80.3095,17,3,5,88.6,62.7,61.5,65.5,85.3,87.3
13.0982,80.2235,21,0,4,68.9,93.8,57.9,52.0,97.2,98.0
13.095,80.1674,1,1,4,73.6,81.3,57.9,52.0,87.1,85.5
12.9729,80.2614,20,3,5,90.1,81.7,92.6,49.9,96.3,90.1
13.1694,80.319,3,3,5,61.2,62.0,66.5,79.0,83.0,57.5
13.0164,80.3092,11,0,3,75.1,62.7,81.2,83.2,85.3,98.0
12.9824,80.185,6,2,4,63.8,89.6,91.4,54.6,92.0,86.1
13.1722,80.2846,14,1,5,76.0,72.2,66.5,79.0,92.6,98.0
13.1889,80.1941,6,1,5,67.5,89.6,73.3,87.6,92.0,98.0
13.1655,80.1936,21,1,5,64.5,89.6,66.5,79.0,92.0,98.0
13.1524,80.3248,20,4,3,44.6,62.0,61.0,63.7,83.0,51.6
13.1138,80.1999,16,0,4,77.1,92.3,57.1,48.6,94.2,98.0
13.0877,80.2026,15,1,5,74.4,92.3,59.4,58.0,94.2,98.0
12.9717,80.1501,18,4,5,48.4,71.9,92.6,49.9,82.5,56.6
13.0521,80.3241,8,4,5,90.5,62.0,70.6,85.6,83.0,79.0
13.0432,80.3085,13,2,4,80.4,62.7,74.1,87.9,85.3,95.4
13.0149,80.2755,16,1,2,78.6,72.2,84.4,77.0,92.6,94.6
13.1309,80.3001,4,1,2,66.9,64.8,57.7,51.0,87.8,68.1
13.074,80.1804,1,3,5,82.0,85.8,64.1,73.4,89.6,70.6
12.9703,80.2417,19,4,5,98.0,89.8,92.6,49.9,98.0,82.2
13.005,80.2202,15,1,2,67.4,93.8,84.4,77.0,97.2,90.9
13.1208,80.1688,13,1,3,65.3,81.3,57.1,48.2,87.1,89.2
12.969,80.2472,13,5,5,94.2,86.1,92.6,49.9,97.4,82.8
13.1628,80.3341,0,4,4,51.5,62.7,63.5,71.6,81.0,39.6
13.0738,80.158,2,5,5,95.5,76.6,64.1,73.4,84.7,63.2
13.0701,80.2083,6,1,5,60.7,93.8,64.1,73.4,95.9,97.4
13.0981,80.1915,14,1,4,77.1,89.6,57.9,52.0,92.0,98.0
13.1562,80.1976,18,0,4,72.0,92.3,63.5,71.6,94.2,98.0
13.037,80.3317,19,4,4,87.0,62.7,74.1,87.9,81.0,75.6
13.1195,80.2436,1,2,3,81.6,89.8,57.1,48.2,98.0,68.7
13.0914,80.2433,18,3,5,59.0,89.8,59.4,58.0,98.0,75.4
13.0168,80.3021,8,0,3,75.1,64.8,81.2,83.2,87.8,98.0
13.1697,80.1809,18,3,5,63.4,85.8,66.5,79.0,89.6,78.4
13.1494,80.2475,4,4,3,96.9,86.1,61.0,63.7,97.4,56.7
13.1146,80.236,17,1,4,75.9,89.8,57.1,48.6,98.0,98.0
13.1626,80.2694,15,2,4,87.6,76.9,63.5,71.6,94.7,98.0
13.1668,80.3499,3,3,5,58.5,68.0,66.5,79.0,78.4,59.3
13.1271,80.3039,11,1,2,61.7,64.8,57.7,51.0,87.8,84.3
13.1593,80.2296,6,4,4,92.3,92.5,63.5,71.6,97.9,78.8
13.1244,80.3155,13,1,3,66.4,62.0,57.1,48.2,83.0,91.8
13.12,80.1841,22,2,3,62.2,85.8,57.1,48.2,89.6,62.3
13.1047,80.1561,11,0,4,71.1,76.6,57.9,52.0,84.7,98.0
13.1382,80.1909,2,2,2,67.6,89.6,59.0,56.4,92.0,58.1
12.9897,80.2181,4,2,3,83.9,93.8,89.7,61.5,97.2,69.6
13.1702,80.2521,16,4,5,87.4,86.1,66.5,79.0,97.4,77.4
13.168,80.273,9,2,5,86.4,76.9,66.5,79.0,94.7,98.0
12.9573,80.3321,9,5,5,48.5,62.7,93.0,48.0,81.0,60.5
13.1565,80.252,10,4,4,90.4,86.1,63.5,71.6,97.4,81.3
12.9822,80.2503,16,5,4,90.3,86.1,91.4,54.6,97.4,77.0
13.0338,80.16,4,2,4,76.3,76.6,77.7,87.1,84.7,77.6
13.1359,80.157,12,5,2,49.9,76.6,59.0,56.4,84.7,43.4
12.9902,80.2602,9,3,3,90.3,81.7,89.7,61.5,96.3,82.0
13.1545,80.2376,8,5,3,93.5,89.8,61.0,63.7,98.0,75.5
13.158,80.3178,16,3,4,56.2,62.0,63.5,71.6,83.0,69.6
13.0769,80.1821,0,3,5,79.9,85.8,61.5,65.5,89.6,69.9
12.9516,80.155,3,3,5,56.8,71.9,92.7,49.3,82.5,55.8
13.0218,80.2398,3,1,3,65.8,89.8,81.2,83.2,98.0,76.8
13.1042,80.1975,17,0,4,69.8,92.3,57.9,52.0,94.2,98.0
13.1953,80.1599,8,1,5,80.4,76.6,76.9,87.6,84.7,98.0
13.108,80.2949,17,0,4,67.3,68.1,57.1,48.6,90.3,98.0
13.015,80.1723,13,1,2,71.5,81.3,84.4,77.0,87.1,88.6
13.1085,80.2717,14,0,4,74.1,76.9,57.1,48.6,94.7,98.0
13.085,80.2062,5,2,5,67.9,93.8,61.5,65.5,95.9,89.2
13.145,80.1847,23,2,2,59.4,85.8,59.0,56.4,89.6,52.3
12.9767,80.226,9,4,4,87.2,92.5,91.4,54.6,97.9,76.7
13.1403,80.3103,14,2,2,57.6,62.7,59.0,56.4,85.3,71.2
13.0853,80.2284,3,2,5,63.3,92.5,59.4,58.0,97.9,64.9
13.1907,80.3002,17,0,5,68.4,64.8,73.3,87.6,87.8,98.0
13.0355,80.1751,17,3,4,87.5,85.8,74.1,87.9,89.6,84.1
13.1082,80.3046,16,0,4,71.2,64.8,57.1,48.6,87.8,98.0
13.183,80.1974,11,1,5,67.9,92.3,69.8,84.6,94.2,98.0
12.9756,80.2855,6,0,4,69.7,68.1,91.4,54.6,90.3,98.0
13.1843,80.2632,15,2,5,79.0,81.7,69.8,84.6,96.3,96.4
13.122,80.3358,10,2,3,69.3,64.8,57.1,48.2,79.5,81.5
12.967,80.2275,13,4,5,94.2,92.5,92.6,49.9,97.9,81.8
13.0252,80.1632,2,2,4,78.0,76.6,77.7,87.1,84.7,78.4
13.127,80.1538,18,4,2,58.6,71.9,57.7,51.0,82.5,46.9
12.9668,80.3154,17,3,5,55.9,62.0,92.6,49.9,83.0,73.5
13.0955,80.2549,9,1,4,73.8,86.1,57.9,52.0,97.4,98.0
13.0365,80.305,5,2,4,79.5,62.7,74.1,87.9,85.3,95.5
13.1052,80.1969,12,1,4,76.3,92.3,57.1,48.6,94.2,98.0
12.9614,80.219,9,2,5,78.9,93.8,93.0,48.0,97.2,98.0
13.1679,80.156,17,4,5,54.1,76.6,66.5,79.0,84.7,62.6
13.1934,80.3423,19,0,5,71.3,64.8,73.3,87.6,79.5,98.0
13.1922,80.2836,15,1,5,67.6,72.2,73.3,87.6,92.6,98.0
13.1374,80.3366,5,4,2,48.6,64.8,59.0,56.4,79.5,43.8
12.9825,80.2031,12,1,4,75.0,92.3,91.4,54.6,94.2,98.0
13.1396,80.2723,3,2,2,85.2,76.9,59.0,56.4,94.7,67.5
12.9561,80.2857,22,1,5,75.3,68.1,93.0,48.0,90.3,86.6
12.9555,80.2135,13,1,5,83.4,93.8,93.0,48.0,95.9,98.0
13.0309,80.3196,0,2,4,83.7,62.0,77.7,87.1,83.0,76.9
13.0722,80.3394,19,4,5,96.5,64.8,64.1,73.4,79.5,82.1
13.1426,80.327,4,5,2,49.6,62.7,59.0,56.4,81.0,28.5
13.1208,80.2978,7,0,3,70.9,64.8,57.1,48.2,87.8,98.0
13.0615,80.2055,11,2,5,61.6,93.8,67.2,80.5,95.9,88.3
13.0184,80.2063,1,0,3,70.8,93.8,81.2,83.2,95.9,88.9
13.1993,80.3427,11,1,5,78.3,64.8,76.9,87.6,79.5,98.0
13.0565,80.1521,4,4,5,94.6,71.9,67.2,80.5,82.5,63.7
13.0628,80.2932,21,1,5,69.4,68.1,67.2,80.5,90.3,98.0
12.9909,80.2912,4,0,3,71.4,68.1,89.7,61.5,90.3,84.1
13.1487,80.2745,12,3,3,84.1,76.9,61.0,63.7,94.7,78.6
13.1234,80.348,8,1,3,64.0,68.0,57.1,48.2,78.4,90.3
13.0052,80.2124,9,1,2,72.7,93.8,84.4,77.0,95.9,92.5
12.9706,80.218,0,2,5,88.9,93.8,92.6,49.9,97.2,83.9
13.1201,80.1658,2,2,3,60.8,81.3,57.1,48.2,87.1,62.3
13.1136,80.2386,17,0,4,75.1,89.8,57.1,48.6,98.0,98.0
13.0183,80.2022,11,1,3,73.3,92.3,81.2,83.2,94.2,95.4
13.1877,80.2187,2,0,5,78.8,93.8,73.3,87.6,97.2,98.0
12.9878,80.3169,8,4,3,59.2,62.0,89.7,61.5,83.0,57.6
13.0581,80.3371,1,4,5,96.8,64.8,67.2,80.5,79.5,62.3
13.1859,80.1871,2,1,5,72.1,89.6,73.3,87.6,92.0,87.4
13.0549,80.2245,13,2,5,61.6,93.8,70.6,85.6,97.2,85.2
13.1096,80.3357,3,1,4,66.2,64.8,57.1,48.6,79.5,83.9
13.0494,80.1624,18,4,5,90.1,76.6,70.6,85.6,84.7,80.6
13.0186,80.1685,12,1,3,80.0,81.3,81.2,83.2,87.1,98.0
13.196,80.1826,6,0,5,72.5,85.8,76.9,87.6,89.6,98.0
13.0523,80.269,11,3,5,59.6,76.9,70.6,85.6,94.7,73.0
13.1735,80.1801,2,2,5,60.3,85.8,66.5,79.0,89.6,70.0
13.0075,80.3436,22,1,2,72.0,64.8,84.4,77.0,79.5,71.2
13.0033,80.2393,22,2,2,80.8,89.8,87.3,69.3,98.0,67.1
12.9578,80.2503,8,5,5,91.4,86.1,93.0,48.0,97.4,79.3
13.1129,80.1993,1,0,4,71.4,92.3,57.1,48.6,94.2,98.0
13.0421,80.2442,21,4,4,56.0,89.8,74.1,87.9,98.0,60.9
13.1661,80.2824,8,1,5,82.7,72.2,66.5,79.0,92.6,98.0
13.0683,80.3002,11,2,5,75.1,64.8,64.1,73.4,87.8,93.6
13.192,80.3008,11,0,5,71.9,64.8,73.3,87.6,87.8,98.0
12.9964,80.2656,14,2,2,83.8,76.9,87.3,69.3,94.7,82.7
13.1672,80.3309,1,3,5,54.3,62.7,66.5,79.0,81.0,55.1
13.1441,80.3135,17,3,2,59.1,62.7,59.0,56.4,85.3,57.4
13.1427,80.3014,12,1,2,73.1,64.8,59.0,56.4,87.8,88.0
13.1612,80.1611,13,5,4,52.3,76.6,63.5,71.6,84.7,59.8
13.1403,80.1514,4,4,2,53.8,71.9,59.0,56.4,82.5,27.9
13.1066,80.1925,9,1,4,68.7,89.6,57.1,48.6,92.0,98.0
12.9828,80.2827,11,1,4,80.4,72.2,91.4,54.6,92.6,98.0
12.9581,80.2322,9,4,5,94.0,92.5,93.0,48.0,97.9,81.0
13.1802,80.2305,23,1,5,83.5,92.5,69.8,84.6,97.9,93.7
13.1042,80.3269,10,1,4,75.8,62.7,57.9,52.0,81.0,98.0
13.1491,80.3291,1,4,3,52.8,62.7,61.0,63.7,81.0,32.9
13.0704,80.3318,4,5,5,92.5,62.7,64.1,73.4,81.0,63.5
12.9793,80.2128,6,1,4,76.0,93.8,91.4,54.6,95.9,98.0
12.9813,80.2882,5,1,4,67.9,68.1,91.4,54.6,90.3,98.0
13.1214,80.2043,21,0,3,75.8,92.3,57.1,48.2,94.2,98.0
13.0576,80.1881,22,2,5,76.7,89.6,67.2,80.5,92.0,79.5
13.0001,80.1869,2,0,2,72.4,89.6,87.3,69.3,92.0,81.7
13.0729,80.2184,12,3,5,66.7,93.8,64.1,73.4,97.2,73.5
12.9661,80.236,2,4,5,95.7,89.8,92.6,49.9,98.0,66.0
13.0955,80.3162,23,1,4,77.9,62.0,57.9,52.0,83.0,86.3
13.0172,80.174,20,0,3,74.4,81.3,81.2,83.2,87.1,98.0
13.1494,80.297,5,2,3,67.0,64.8,61.0,63.7,87.8,82.1
13.0276,80.2563,10,1,4,65.6,81.7,77.7,87.1,96.3,96.7
13.0638,80.2076,16,2,5,64.0,93.8,67.2,80.5,95.9,87.9
12.9529,80.2486,9,3,5,87.3,86.1,92.7,49.3,97.4,91.2
12.9681,80.21,11,2,5,79.6,93.8,92.6,49.9,95.9,98.0
13.0481,80.2692,16,2,5,59.2,76.9,70.6,85.6,94.7,86.5
13.07,80.2368,3,5,5,52.0,89.8,64.1,73.4,98.0,41.9
13.1,80.1829,1,0,4,74.3,85.8,57.9,52.0,89.6,98.0
13.0229,80.1733,10,1,3,75.6,81.3,81.2,83.2,87.1,96.6
13.1237,80.2593,6,1,3,78.9,81.7,57.1,48.2,96.3,98.0
13.165,80.3305,1,4,5,55.7,62.7,66.5,79.0,81.0,46.6
13.145,80.2188,17,2,2,81.1,93.8,59.0,56.4,97.2,83.7
12.9599,80.2966,20,2,5,65.5,64.8,93.0,48.0,87.8,86.9
13.0701,80.2817,3,1,5,62.3,72.2,64.1,73.4,92.6,81.6
12.9762,80.3363,7,5,4,49.2,64.8,91.4,54.6,79.5,58.7
13.0105,80.3142,19,0,2,69.0,62.7,84.4,77.0,85.3,98.0
13.1967,80.2633,13,1,5,69.7,81.7,76.9,87.6,96.3,98.0
12.9856,80.2814,11,1,3,82.8,72.2,89.7,61.5,92.6,96.9
13.0747,80.3297,21,5,5,94.1,62.7,64.1,73.4,81.0,81.3
13.1045,80.2299,20,0,4,69.2,92.5,57.9,52.0,97.9,98.0
13.1256,80.2154,17,3,2,83.1,93.8,57.7,51.0,97.2,72.3
13.0899,80.1522,10,2,5,81.0,71.9,59.4,58.0,82.5,96.9
12.9524,80.3153,7,3,5,56.2,62.0,92.7,49.3,83.0,74.5
13.0316,80.3102,1,1,4,80.8,62.7,77.7,87.1,85.3,89.6
13.0794,80.1709,14,4,5,85.2,81.3,61.5,65.5,87.1,78.7
12.972,80.2654,8,2,5,89.1,76.9,92.6,49.9,94.7,98.0
13.0377,80.2428,18,4,4,55.3,89.8,74.1,87.9,98.0,60.4
12.9583,80.1737,19,3,5,54.6,81.3,93.0,48.0,87.1,70.9
12.9696,80.3461,7,4,5,52.4,68.0,92.6,49.9,78.4,62.5
13.0492,80.1929,18,1,5,81.3,89.6,70.6,85.6,92.0,98.0
12.9832,80.1634,4,5,4,52.2,76.6,91.4,54.6,84.7,39.6
13.0919,80.269,10,1,5,67.0,76.9,59.4,58.0,94.7,98.0
13.1224,80.2978,14,1,3,67.4,64.8,57.1,48.2,87.8,93.5
13.1501,80.1565,7,4,3,50.1,76.6,61.0,63.7,84.7,50.9
13.0,80.2817,18,1,2,77.8,72.2,87.3,69.3,92.6,91.2
12.9919,80.2565,22,3,3,91.5,81.7,89.7,61.5,96.3,65.4
12.9761,80.1707,7,4,4,51.2,81.3,91.4,54.6,87.1,59.7
13.1091,80.1845,18,0,4,67.5,85.8,57.1,48.6,89.6,98.0
13.1266,80.2636,17,4,2,92.7,81.7,57.7,51.0,96.3,63.9
12.9579,80.2093,9,1,5,79.9,93.8,93.0,48.0,95.9,98.0
13.1841,80.3377,6,3,5,58.3,64.8,69.8,84.6,79.5,74.5
12.963,80.3137,8,2,5,55.2,62.7,93.0,48.0,85.3,84.6
13.0853,80.3467,0,2,5,73.0,68.0,59.4,58.0,78.4,79.5
13.1273,80.2019,18,0,2,77.9,92.3,57.7,51.0,94.2,98.0
13.1677,80.3439,4,4,5,51.3,64.8,66.5,79.0,79.5,43.2
13.1285,80.2362,18,3,2,87.3,89.8,57.7,51.0,98.0,73.2
13.1504,80.2195,0,3,3,88.5,93.8,61.0,63.7,97.2,63.7
13.0349,80.1601,14,2,4,79.3,76.6,77.7,87.1,84.7,97.1
13.1537,80.1606,15,5,3,54.9,76.6,61.0,63.7,84.7,55.1
12.97,80.2884,22,0,5,80.7,68.1,92.6,49.9,90.3,98.0
13.1737,80.2416,6,4,5,96.9,89.8,66.5,79.0,98.0,80.0
13.0869,80.1953,11,0,5,70.4,92.3,59.4,58.0,94.2,98.0
13.1543,80.2728,7,3,3,84.5,76.9,61.0,63.7,94.7,80.6
13.0631,80.2006,4,0,5,68.3,92.3,67.2,80.5,94.2,97.3
13.1109,80.2655,9,1,4,78.4,76.9,57.1,48.6,94.7,98.0
13.0816,80.2218,20,2,5,61.7,93.8,61.5,65.5,97.2,88.5
13.1329,80.3147,4,3,2,64.7,62.7,57.7,51.0,85.3,41.1
12.9704,80.3141,16,2,5,59.7,62.7,92.6,49.9,85.3,85.8
12.9651,80.2455,4,5,5,94.2,86.1,92.6,49.9,97.4,65.7
13.0118,80.2202,21,0,2,70.9,93.8,84.4,77.0,97.2,98.0
12.9899,80.2225,14,3,3,77.0,93.8,89.7,61.5,97.2,76.9
13.1679,80.3111,12,2,5,65.3,62.7,66.5,79.0,85.3,88.1
13.0048,80.2156,0,2,2,75.0,93.8,87.3,69.3,97.2,62.3
13.194,80.1918,10,0,5,66.3,89.6,73.3,87.6,92.0,98.0
13.0342,80.1669,22,2,4,82.7,81.3,77.7,87.1,87.1,76.3
12.9955,80.2433,0,2,2,86.3,89.8,87.3,69.3,98.0,66.0
13.1474,80.2464,10,5,3,94.0,86.1,61.0,63.7,97.4,73.1
13.1147,80.3182,17,0,4,71.0,62.0,57.1,48.6,83.0,98.0
13.0745,80.1942,17,2,5,80.3,89.6,64.1,73.4,92.0,97.8
13.0888,80.2262,20,1,5,61.9,92.5,59.4,58.0,97.9,98.0
13.1298,80.3117,15,3,2,60.1,62.7,57.7,51.0,85.3,61.0
13.0071,80.3147,12,0,2,68.6,62.7,84.4,77.0,85.3,98.0
13.1991,80.2269,6,1,5,66.4,92.5,76.9,87.6,97.9,98.0
13.1937,80.2418,0,0,5,79.5,89.8,73.3,87.6,98.0,98.0
13.1126,80.2107,15,1,4,69.5,93.8,57.1,48.6,95.9,98.0
12.9999,80.3365,0,2,2,60.1,64.8,87.3,69.3,79.5,55.3
13.1201,80.1737,16,2,3,59.6,81.3,57.1,48.2,87.1,79.5
12.968,80.3367,5,4,5,51.3,64.8,92.6,49.9,79.5,58.1
12.9577,80.2868,1,1,5,73.9,68.1,93.0,48.0,90.3,88.9
13.0144,80.2563,16,0,2,74.9,81.7,84.4,77.0,96.3,98.0
13.0657,80.1565,5,5,5,91.9,76.6,64.1,73.4,84.7,82.6
13.1671,80.2451,13,3,5,81.8,86.1,66.5,79.0,97.4,92.6
13.1318,80.2315,17,3,2,91.1,92.5,57.7,51.0,97.9,74.1
13.1357,80.1822,5,2,2,52.5,85.8,59.0,56.4,89.6,70.9
13.0564,80.2813,9,2,5,60.0,72.2,67.2,80.5,92.6,89.3
13.0365,80.3442,23,3,4,89.8,64.8,74.1,87.9,79.5,68.7
13.0428,80.2624,17,3,4,60.7,81.7,74.1,87.9,96.3,73.9
13.1969,80.293,8,0,5,74.9,68.1,76.9,87.6,90.3,98.0
12.96,80.1637,7,5,5,47.4,76.6,93.0,48.0,84.7,61.7
13.1668,80.2335,9,2,5,85.6,92.5,66.5,79.0,97.9,98.0
13.0947,80.1733,16,2,5,85.7,81.3,59.4,58.0,87.1,98.0
13.0597,80.2726,22,2,5,57.6,76.9,67.2,80.5,94.7,71.1
13.1313,80.3377,5,4,2,55.6,64.8,57.7,51.0,79.5,47.2
13.0717,80.2824,13,1,5,62.9,72.2,64.1,73.4,92.6,98.0
13.1684,80.1654,21,3,5,55.0,81.3,66.5,79.0,87.1,75.0
13.1752,80.2209,21,1,5,77.2,93.8,69.8,84.6,97.2,98.0
13.0554,80.2601,5,4,5,56.0,81.7,67.2,80.5,96.3,61.3
13.0192,80.2306,6,0,3,67.6,92.5,81.2,83.2,97.9,98.0
13.0981,80.3167,11,1,4,80.1,62.0,57.9,52.0,83.0,98.0
13.1781,80.3129,2,1,5,63.1,62.7,69.8,84.6,85.3,82.0
13.0027,80.2724,13,2,2,79.5,76.9,87.3,69.3,94.7,82.2
13.1057,80.2247,21,0,4,71.5,93.8,57.1,48.6,97.2,98.0
13.1079,80.2011,18,1,4,72.2,92.3,57.1,48.6,94.2,98.0
13.1333,80.1712,22,3,2,54.4,81.3,57.7,51.0,87.1,40.0
12.9829,80.221,15,3,4,84.9,93.8,91.4,54.6,97.2,89.0
13.129,80.2326,6,2,2,87.3,92.5,57.7,51.0,97.9,84.3
13.1773,80.2852,7,1,5,72.7,68.1,69.8,84.6,90.3,98.0
12.9949,80.2816,17,1,3,78.9,72.2,89.7,61.5,92.6,98.0
13.0094,80.164,12,1,2,71.7,76.6,84.4,77.0,84.7,88.1
13.1928,80.2291,20,0,5,80.0,92.5,73.3,87.6,97.9,98.0
12.9952,80.1864,8,1,2,65.9,89.6,87.3,69.3,92.0,90.6
13.1636,80.1814,9,2,4,59.5,85.8,63.5,71.6,89.6,83.2
13.0731,80.3155,20,4,5,94.8,62.0,64.1,73.4,83.0,83.9
13.0118,80.1584,22,0,2,68.0,76.6,84.4,77.0,84.7,80.3
13.1677,80.2338,8,3,5,85.9,92.5,66.5,79.0,97.9,89.8
13.0613,80.1836,14,2,5,90.2,85.8,67.2,80.5,89.6,98.0
13.0787,80.3259,19,4,5,88.9,62.7,61.5,65.5,81.0,81.7
13.0398,80.2614,1,2,4,56.4,81.7,74.1,87.9,96.3,67.1
13.0982,80.1963,12,1,4,71.2,92.3,57.9,52.0,94.2,98.0
12.9909,80.2505,1,3,3,88.4,86.1,89.7,61.5,97.4,63.4
13.0478,80.2963,18,2,5,77.9,64.8,70.6,85.6,87.8,98.0
13.1924,80.3416,1,0,5,66.3,64.8,73.3,87.6,79.5,94.9
13.0145,80.1941,2,1,2,77.0,89.6,84.4,77.0,92.0,73.2
13.1142,80.3272,5,0,4,61.0,62.7,57.1,48.6,81.0,98.0
13.0313,80.3369,2,3,4,77.3,64.8,77.7,87.1,79.5,64.8
13.1434,80.3333,9,4,2,42.2,62.7,59.0,56.4,81.0,44.3
12.9827,80.2771,23,2,4,75.8,72.2,91.4,54.6,92.6,76.3
13.1925,80.276,5,0,5,68.4,72.2,73.3,87.6,92.6,98.0
13.0634,80.2306,22,4,5,51.8,92.5,67.2,80.5,97.9,45.6
13.009,80.3005,15,0,2,74.9,64.8,84.4,77.0,87.8,98.0
12.9684,80.2563,16,4,5,90.2,81.7,92.6,49.9,96.3,83.6
12.9924,80.2855,18,0,3,67.4,68.1,89.7,61.5,90.3,98.0
13.0799,80.2357,2,4,5,55.2,89.8,61.5,65.5,98.0,48.1
13.0343,80.2963,17,0,4,75.1,64.8,77.7,87.1,87.8,98.0
13.1572,80.3149,6,3,4,54.5,62.7,63.5,71.6,85.3,73.7
13.0577,80.1793,8,2,5,89.3,85.8,67.2,80.5,89.6,98.0
13.0122,80.3166,19,1,2,66.7,62.0,84.4,77.0,83.0,86.5
13.1043,80.2581,11,0,4,64.8,81.7,57.9,52.0,96.3,98.0
13.1267,80.3189,4,3,2,54.1,62.0,57.7,51.0,83.0,39.0
12.9918,80.2363,2,3,3,87.4,89.8,89.7,61.5,98.0,62.6
12.9919,80.2258,10,3,3,85.0,92.5,89.7,61.5,97.9,80.9
12.9592,80.333,3,4,5,52.0,62.7,93.0,48.0,81.0,42.5
13.1341,80.2002,4,1,2,72.3,92.3,57.7,51.0,94.2,70.1
13.116,80.3188,0,1,3,62.7,62.0,57.1,48.2,83.0,73.5
13.0687,80.2468,17,5,5,47.1,86.1,64.1,73.4,97.4,61.7
13.161,80.2528,11,4,4,89.7,86.1,63.5,71.6,97.4,79.1
13.1514,80.2117,12,2,3,82.8,93.8,61.0,63.7,95.9,90.1
13.0963,80.2646,8,0,4,68.8,81.7,57.9,52.0,96.3,98.0
13.1671,80.215,1,3,5,85.5,93.8,66.5,79.0,97.2,70.3
13.0015,80.1579,4,2,2,59.1,76.6,87.3,69.3,84.7,53.1
12.978,80.2044,12,1,4,65.5,92.3,91.4,54.6,94.2,98.0
13.0174,80.1513,15,0,3,75.4,71.9,81.2,83.2,82.5,98.0
12.9643,80.3457,15,4,5,55.3,68.0,93.0,48.0,78.4,64.3
13.0828,80.3431,23,3,5,86.5,64.8,61.5,65.5,79.5,73.4
13.1842,80.229,2,2,5,79.7,92.5,69.8,84.6,97.9,80.7
12.9598,80.2957,21,1,5,60.7,64.8,93.0,48.0,87.8,98.0
12.9805,80.2192,3,3,4,79.2,93.8,91.4,54.6,97.2,67.0
13.063,80.2842,10,1,5,65.7,72.2,67.2,80.5,92.6,98.0
13.1835,80.3111,22,2,5,61.9,62.7,69.8,84.6,85.3,72.4
13.029,80.3394,13,2,4,82.4,64.8,77.7,87.1,79.5,95.7
13.0768,80.23,2,3,5,57.6,92.5,61.5,65.5,97.9,60.2
12.9604,80.3067,15,2,5,62.3,62.7,93.0,48.0,85.3,88.7
12.9871,80.2032,21,1,3,73.1,92.3,89.7,61.5,94.2,96.4
13.1967,80.3481,14,0,5,68.3,68.0,76.9,87.6,78.4,98.0
13.1913,80.1552,9,1,5,67.0,76.6,73.3,87.6,84.7,98.0
12.9512,80.2707,8,2,5,79.3,76.9,92.7,49.3,94.7,95.1
13.188,80.2819,10,1,5,73.1,72.2,73.3,87.6,92.6,98.0
13.1098,80.2876,15,0,4,75.3,68.1,57.1,48.6,90.3,98.0
13.167,80.1741,9,3,5,54.5,81.3,66.5,79.0,87.1,70.9
13.0637,80.3377,16,4,5,88.4,64.8,67.2,80.5,79.5,79.4
13.0789,80.1862,18,2,5,75.3,89.6,61.5,65.5,92.0,95.5
13.0722,80.2746,1,2,5,55.6,76.9,64.1,73.4,94.7,68.4
13.1167,80.1945,23,1,3,67.4,89.6,57.1,48.2,92.0,76.0
12.9849,80.2114,22,1,4,82.3,93.8,91.4,54.6,95.9,86.7
12.9575,80.2593,1,4,5,91.2,81.7,93.0,48.0,96.3,62.3
13.027,80.2334,5,1,4,61.6,92.5,77.7,87.1,97.9,98.0
13.1262,80.182,18,3,2,63.6,85.8,57.7,51.0,89.6,60.0
13.0005,80.1842,7,1,2,64.2,85.8,87.3,69.3,89.6,86.3
13.1184,80.2336,2,2,3,80.7,92.5,57.1,48.2,97.9,72.1
13.1925,80.3015,13,0,5,71.6,64.8,73.3,87.6,87.8,98.0
12.9735,80.3296,15,5,5,45.7,62.7,92.6,49.9,81.0,59.3
13.1182,80.1668,0,1,3,59.6,81.3,57.1,48.2,87.1,73.7
13.0609,80.2286,20,4,5,48.2,92.5,67.2,80.5,97.9,61.4
13.167,80.17,2,2,5,55.5,81.3,66.5,79.0,87.1,66.4
12.9943,80.1533,21,4,3,51.0,71.9,89.7,61.5,82.5,52.9
13.1232,80.2823,17,0,3,79.1,72.2,57.1,48.2,92.6,98.0
13.1595,80.2705,8,3,4,87.2,76.9,63.5,71.6,94.7,89.1
13.1862,80.1826,5,0,5,70.4,85.8,73.3,87.6,89.6,98.0
13.1208,80.1968,22,1,3,73.3,92.3,57.1,48.2,94.2,77.4
13.0743,80.1547,20,4,5,90.8,71.9,64.1,73.4,82.5,78.8
13.1045,80.317,0,1,4,78.0,62.0,57.9,52.0,83.0,86.0
13.1672,80.3449,20,3,5,56.1,64.8,66.5,79.0,79.5,71.8
13.0927,80.1771,9,2,5,80.5,85.8,59.4,58.0,89.6,95.7
12.9576,80.1963,5,0,5,71.3,92.3,93.0,48.0,94.2,98.0
13.1827,80.3237,22,2,5,65.0,62.0,69.8,84.6,83.0,70.7
13.1224,80.3353,11,2,3,55.8,64.8,57.1,48.2,79.5,82.8
13.1191,80.2339,3,2,3,86.8,92.5,57.1,48.2,97.9,73.2
13.0039,80.1601,12,2,2,58.7,76.6,87.3,69.3,84.7,72.0
13.1147,80.1579,16,1,4,66.5,76.6,57.1,48.6,84.7,98.0
13.0485,80.2648,7,3,5,54.8,81.7,70.6,85.6,96.3,71.5
13.1128,80.2286,19,1,4,73.9,92.5,57.1,48.6,97.9,98.0
12.9766,80.1557,2,4,4,56.3,76.6,91.4,54.6,84.7,43.7
13.1145,80.2667,11,1,4,76.8,76.9,57.1,48.6,94.7,98.0
13.1999,80.1523,6,0,5,66.3,71.9,76.9,87.6,82.5,98.0
12.9621,80.3075,11,3,5,58.8,62.7,93.0,48.0,85.3,75.1
13.1943,80.2113,1,0,5,73.4,93.8,73.3,87.6,95.9,96.7
13.0517,80.1581,23,5,5,94.1,76.6,70.6,85.6,84.7,64.5
13.1677,80.2677,13,2,5,84.9,76.9,66.5,79.0,94.7,98.0
13.1456,80.2295,21,4,3,92.8,92.5,61.0,63.7,97.9,71.8
13.0918,80.3448,22,2,5,82.6,64.8,59.4,58.0,79.5,80.6
13.1346,80.2588,4,4,2,87.0,81.7,57.7,51.0,96.3,47.0
13.1696,80.205,8,1,5,79.5,93.8,66.5,79.0,95.9,98.0
13.051,80.2919,20,1,5,78.5,68.1,70.6,85.6,90.3,98.0
13.0318,80.2043,10,0,4,60.6,92.3,77.7,87.1,94.2,98.0
13.1169,80.3308,4,3,3,59.5,62.7,57.1,48.2,81.0,48.2
13.152,80.2249,2,2,3,84.8,93.8,61.0,63.7,97.2,72.8
13.1406,80.26,16,4,2,91.9,81.7,59.0,56.4,96.3,63.1
13.1495,80.1601,1,4,3,47.0,76.6,61.0,63.7,84.7,33.7
13.0589,80.2352,23,5,5,52.2,89.8,67.2,80.5,98.0,43.4
13.1545,80.3165,0,3,3,50.6,62.0,61.0,63.7,83.0,43.7
12.9801,80.3111,6,3,4,57.2,62.7,91.4,54.6,85.3,73.0
13.0861,80.1949,13,0,5,80.4,89.6,59.4,58.0,92.0,98.0
12.9514,80.1952,4,1,5,71.1,92.3,92.7,49.3,94.2,84.4
13.0311,80.3135,18,1,4,74.0,62.7,77.7,87.1,85.3,98.0
13.0416,80.3361,10,4,4,90.2,64.8,74.1,87.9,79.5,78.3
13.049,80.1691,22,3,5,92.8,81.3,70.6,85.6,87.1,72.3
13.1239,80.24,1,3,3,81.6,89.8,57.1,48.2,98.0,63.7
13.0471,80.2175,7,2,5,58.2,93.8,70.6,85.6,97.2,87.5
13.0622,80.3241,8,4,5,91.1,62.0,67.2,80.5,83.0,77.9
13.0094,80.1667,2,0,2,62.4,81.3,84.4,77.0,87.1,79.6
13.0433,80.1922,1,2,4,81.1,89.6,74.1,87.9,92.0,77.7
13.0068,80.3005,6,0,2,73.4,64.8,84.4,77.0,87.8,98.0
12.9683,80.1603,4,5,5,55.1,76.6,92.6,49.9,84.7,41.4
13.1009,80.2485,20,0,4,68.9,86.1,57.9,52.0,97.4,98.0
13.1171,80.2384,4,3,3,82.4,89.8,57.1,48.2,98.0,62.5
13.1049,80.2169,19,0,4,67.5,93.8,57.9,52.0,97.2,98.0
13.0659,80.2289,12,4,5,54.3,92.5,64.1,73.4,97.9,61.5
13.0449,80.256,20,2,4,67.5,81.7,74.1,87.9,96.3,86.2
13.1658,80.1823,19,3,5,59.8,85.8,66.5,79.0,89.6,74.3
13.0798,80.2644,5,2,5,51.7,81.7,61.5,65.5,96.3,83.4
13.0698,80.3111,19,3,5,85.6,62.7,64.1,73.4,85.3,90.4
12.9564,80.302,17,1,5,68.4,64.8,93.0,48.0,87.8,98.0
13.0353,80.1808,1,3,4,82.0,85.8,74.1,87.9,89.6,67.4
13.045,80.1798,5,2,5,84.0,85.8,70.6,85.6,89.6,98.0
13.0497,80.2036,8,1,5,71.7,92.3,70.6,85.6,94.2,98.0
13.095,80.2222,2,0,4,63.0,93.8,57.9,52.0,97.2,93.7
13.0834,80.2317,0,3,5,60.0,92.5,61.5,65.5,97.9,55.0
13.102,80.2859,0,0,4,69.7,68.1,57.9,52.0,90.3,96.9
13.1412,80.1613,18,5,2,47.1,76.6,59.0,56.4,84.7,46.7
13.1532,80.1569,4,4,3,48.7,76.6,61.0,63.7,84.7,32.8
13.1295,80.2284,12,3,2,83.2,92.5,57.7,51.0,97.9,74.0
13.1889,80.2894,18,0,5,79.4,68.1,73.3,87.6,90.3,98.0
12.9546,80.1887,11,2,5,63.5,89.6,92.7,49.3,92.0,91.4
12.9989,80.2783,15,0,2,74.9,72.2,87.3,69.3,92.6,98.0
12.9519,80.202,18,1,5,74.2,92.3,92.7,49.3,94.2,98.0
13.1119,80.3272,2,0,4,65.2,62.7,57.1,48.6,81.0,95.2
13.1745,80.3291,11,4,5,56.0,62.7,66.5,79.0,81.0,61.3
13.0109,80.2095,4,0,2,71.4,93.8,84.4,77.0,95.9,80.6
13.1818,80.196,1,1,5,71.6,92.3,69.8,84.6,94.2,89.8
12.9651,80.2323,21,3,5,93.4,92.5,92.6,49.9,97.9,94.7
13.1836,80.1981,6,1,5,74.5,92.3,69.8,84.6,94.2,98.0
13.0379,80.2845,12,1,4,72.1,72.2,74.1,87.9,92.6,98.0
12.9754,80.3152,14,4,4,53.5,62.0,91.4,54.6,83.0,61.5
13.0715,80.2846,21,1,5,69.2,72.2,64.1,73.4,92.6,98.0
13.0142,80.3149,2,1,2,67.3,62.7,84.4,77.0,85.3,70.2
13.0212,80.2294,20,0,3,71.3,92.5,81.2,83.2,97.9,98.0
13.0268,80.1813,19,2,4,74.9,85.8,77.7,87.1,89.6,96.9
13.1508,80.2976,4,1,3,62.6,64.8,61.0,63.7,87.8,73.7
13.0848,80.2221,23,3,5,58.6,93.8,61.5,65.5,97.2,61.9
13.0278,80.2843,7,0,4,68.9,72.2,77.7,87.1,92.6,98.0
13.1026,80.2041,21,1,4,74.6,92.3,57.9,52.0,94.2,98.0
13.129,80.1662,0,3,2,56.7,81.3,57.7,51.0,87.1,42.3
13.0182,80.3485,7,1,3,72.7,68.0,81.2,83.2,78.4,96.6
13.0534,80.1812,23,2,5,79.5,85.8,70.6,85.6,89.6,79.1
12.9805,80.3477,17,4,4,59.5,68.0,91.4,54.6,78.4,63.3
12.9953,80.3455,19,1,2,62.6,68.0,87.3,69.3,78.4,87.3
13.1203,80.3088,15,2,3,64.4,62.7,57.1,48.2,85.3,80.6
12.9954,80.2819,17,0,2,76.0,72.2,87.3,69.3,92.6,98.0
13.0813,80.2656,19,3,5,60.4,76.9,61.5,65.5,94.7,77.7
13.1273,80.3232,11,2,2,57.8,62.0,57.7,51.0,83.0,71.8
12.9767,80.2079,12,2,4,82.0,93.8,91.4,54.6,95.9,95.6
13.0918,80.2435,12,2,5,58.3,89.8,59.4,58.0,98.0,85.2
13.0141,80.2739,9,1,2,75.0,76.9,84.4,77.0,94.7,90.7
13.1907,80.2322,6,0,5,75.4,92.5,73.3,87.6,97.9,98.0
13.0709,80.2355,13,5,5,59.4,89.8,64.1,73.4,98.0,59.9
13.1515,80.2161,23,2,3,80.0,93.8,61.0,63.7,97.2,73.3
13.0876,80.2628,15,2,5,61.3,81.7,59.4,58.0,96.3,88.6
12.9609,80.3201,14,3,5,55.9,62.0,93.0,48.0,83.0,74.8
13.1083,80.1903,11,1,4,66.1,89.6,57.1,48.6,92.0,98.0
13.1879,80.3369,8,0,5,69.7,64.8,73.3,87.6,79.5,98.0
13.1004,80.2878,7,1,4,78.6,68.1,57.9,52.0,90.3,98.0
13.1548,80.3147,17,2,3,57.7,62.7,61.0,63.7,85.3,76.1
13.1711,80.2612,22,3,5,84.9,81.7,66.5,79.0,96.3,69.8
13.007,80.3059,17,0,2,71.4,62.7,84.4,77.0,85.3,98.0
13.003,80.1532,12,3,2,57.1,71.9,87.3,69.3,82.5,59.9
13.1027,80.3137,17,0,4,77.1,62.7,57.9,52.0,85.3,98.0
13.0528,80.158,14,5,5,94.1,76.6,70.6,85.6,84.7,82.2
13.16,80.328,3,4,4,56.6,62.7,63.5,71.6,81.0,41.9
13.175,80.3484,16,2,5,61.5,68.0,69.8,84.6,78.4,86.8
13.0384,80.2088,4,1,4,67.2,93.8,74.1,87.9,95.9,78.2
13.0092,80.1921,21,1,2,70.0,89.6,84.4,77.0,92.0,88.5
13.1451,80.3031,15,1,3,60.5,64.8,61.0,63.7,87.8,90.4
13.0187,80.2006,8,1,3,74.5,92.3,81.2,83.2,94.2,96.8
13.1557,80.3231,9,3,4,54.5,62.0,63.5,71.6,83.0,71.1
13.0559,80.1706,23,4,5,91.5,81.3,67.2,80.5,87.1,64.7
13.1169,80.1752,17,1,3,65.1,85.8,57.1,48.2,89.6,90.3
12.9739,80.3458,16,4,5,57.8,68.0,92.6,49.9,78.4,62.7
13.106,80.2848,17,0,4,71.6,72.2,57.1,48.6,92.6,98.0
13.0629,80.3194,6,4,5,92.2,62.0,67.2,80.5,83.0,80.7
13.0967,80.2149,3,0,4,75.5,93.8,57.9,52.0,95.9,95.6
12.992,80.2853,4,1,3,69.6,68.1,89.7,61.5,90.3,79.1
13.1342,80.2688,22,2,2,85.7,76.9,57.7,51.0,94.7,66.2
13.1657,80.2706,15,3,5,84.9,76.9,66.5,79.0,94.7,87.3
13.0042,80.2865,2,0,2,72.8,68.1,87.3,69.3,90.3,85.0
12.9739,80.2651,17,3,5,88.1,76.9,92.6,49.9,94.7,88.8
12.9559,80.2358,22,4,5,96.3,89.8,93.0,48.0,98.0,60.3
13.1105,80.2052,20,1,4,79.4,93.8,57.1,48.6,95.9,98.0
13.1018,80.3037,13,0,4,71.4,64.8,57.9,52.0,87.8,98.0
13.0867,80.1953,14,1,5,71.7,92.3,59.4,58.0,94.2,98.0
13.008,80.2885,16,0,2,68.8,68.1,84.4,77.0,90.3,98.0
13.0477,80.1967,0,1,5,70.5,92.3,70.6,85.6,94.2,86.9
13.0986,80.2751,20,0,4,70.5,72.2,57.9,52.0,92.6,98.0
13.0742,80.2994,16,2,5,77.4,64.8,64.1,73.4,87.8,95.6
13.1969,80.1937,22,0,5,74.3,89.6,76.9,87.6,92.0,98.0
12.9841,80.162,10,5,4,49.7,76.6,91.4,54.6,84.7,57.2
13.1238,80.1762,16,1,3,66.6,85.8,57.1,48.2,89.6,92.6
13.0511,80.2712,13,3,5,61.1,76.9,70.6,85.6,94.7,73.8
13.057,80.3199,19,3,5,85.7,62.0,67.2,80.5,83.0,89.6
13.1294,80.159,18,4,2,53.0,76.6,57.7,51.0,84.7,47.2
13.1231,80.2968,20,0,3,66.3,64.8,57.1,48.2,87.8,98.0
13.1978,80.2183,6,1,5,68.6,93.8,76.9,87.6,97.2,98.0
12.9821,80.2457,23,4,4,92.9,86.1,91.4,54.6,97.4,61.7
12.976,80.3358,12,5,4,51.5,64.8,91.4,54.6,79.5,59.5
13.1311,80.2164,17,2,2,80.3,93.8,57.7,51.0,97.2,85.2
13.0946,80.2431,22,3,5,60.5,89.8,59.4,58.0,98.0,56.1
13.0185,80.1527,13,0,3,76.2,71.9,81.2,83.2,82.5,98.0
12.9699,80.1663,0,4,5,54.8,81.3,92.6,49.9,87.1,47.0
12.9714,80.2017,6,0,5,69.4,92.3,92.6,49.9,94.2,98.0
13.1735,80.1556,7,4,5,50.2,76.6,66.5,79.0,84.7,62.7
12.998,80.2763,17,0,2,73.2,72.2,87.3,69.3,92.6,98.0
13.0308,80.2353,8,3,4,58.0,89.8,77.7,87.1,98.0,74.8
13.0067,80.2596,0,0,2,78.5,81.7,84.4,77.0,96.3,85.3
13.0387,80.1849,21,3,4,80.4,85.8,74.1,87.9,89.6,87.1
12.9674,80.2092,16,1,5,77.0,93.8,92.6,49.9,95.9,98.0
13.0798,80.2828,18,2,5,67.5,72.2,61.5,65.5,92.6,88.7
12.9669,80.3431,5,4,5,53.3,64.8,92.6,49.9,79.5,60.0
13.1501,80.1601,2,5,3,52.1,76.6,61.0,63.7,84.7,36.0
13.0084,80.3281,23,0,2,64.5,62.7,84.4,77.0,81.0,79.8
13.085,80.2654,4,2,5,64.7,76.9,59.4,58.0,94.7,73.8
13.17,80.2628,1,2,5,84.6,81.7,66.5,79.0,96.3,81.2
13.1127,80.2501,19,1,4,77.3,86.1,57.1,48.6,97.4,98.0
13.0832,80.1639,3,3,5,89.1,76.6,61.5,65.5,84.7,69.7
13.0311,80.168,9,2,4,88.2,81.3,77.7,87.1,87.1,94.8
13.0333,80.2702,9,1,4,64.0,76.9,77.7,87.1,94.7,98.0
13.1174,80.2182,23,2,3,84.8,93.8,57.1,48.2,97.2,68.9
13.1985,80.3335,20,0,5,82.0,62.7,76.9,87.6,81.0,98.0
13.1155,80.2313,10,2,3,82.8,92.5,57.1,48.2,97.9,88.1
13.0894,80.1787,15,1,5,80.9,85.8,59.4,58.0,89.6,98.0
13.1327,80.2929,16,1,2,75.9,68.1,57.7,51.0,90.3,88.7
13.0663,80.2087,15,1,5,64.8,93.8,64.1,73.4,95.9,98.0
12.965,80.2551,6,4,5,88.2,81.7,92.6,49.9,96.3,81.4
13.0906,80.2896,15,0,5,73.6,68.1,59.4,58.0,90.3,98.0
13.1894,80.3301,2,1,5,63.1,62.7,73.3,87.6,81.0,85.6
12.9938,80.3084,15,2,3,68.6,62.7,89.7,61.5,85.3,79.5
13.1225,80.2853,7,1,3,77.7,68.1,57.1,48.2,90.3,96.5
13.0002,80.2859,11,0,2,67.9,68.1,87.3,69.3,90.3,98.0
13.084,80.3392,2,4,5,91.7,64.8,61.5,65.5,79.5,60.6
12.9742,80.2092,16,1,5,77.5,93.8,92.6,49.9,95.9,98.0
13.0626,80.1502,20,5,5,93.6,71.9,67.2,80.5,82.5,82.8
13.139,80.2044,17,0,2,72.4,92.3,59.0,56.4,94.2,98.0
13.0369,80.1936,10,2,4,76.7,89.6,74.1,87.9,92.0,94.3
13.1162,80.2824,3,0,3,73.1,72.2,57.1,48.2,92.6,93.1
13.1489,80.2767,15,2,3,77.7,72.2,61.0,63.7,92.6,89.8
13.1818,80.2687,16,1,5,78.3,76.9,69.8,84.6,94.7,98.0
13.0087,80.1532,8,1,2,66.6,71.9,84.4,77.0,82.5,85.9
13.0498,80.2958,5,1,5,73.8,64.8,70.6,85.6,87.8,98.0
12.9881,80.2147,23,2,3,76.6,93.8,89.7,61.5,95.9,69.6
13.1981,80.283,19,0,5,73.6,72.2,76.9,87.6,92.6,98.0
13.1818,80.2613,1,2,5,78.8,81.7,69.8,84.6,96.3,77.3
13.085,80.2185,8,2,5,62.8,93.8,61.5,65.5,97.2,90.0
13.1605,80.1769,20,3,4,62.3,85.8,63.5,71.6,89.6,74.4
13.0802,80.1689,5,3,5,88.6,81.3,61.5,65.5,87.1,91.8
13.1059,80.3163,2,1,4,69.6,62.0,57.1,48.6,83.0,84.0
12.9723,80.3337,19,4,5,49.4,62.7,92.6,49.9,81.0,58.0
13.1388,80.28,5,2,2,77.1,72.2,59.0,56.4,92.6,81.4
12.9819,80.1707,6,3,4,54.1,81.3,91.4,54.6,87.1,73.4
13.1565,80.2304,0,4,4,90.0,92.5,63.5,71.6,97.9,61.8
13.1455,80.2958,22,1,3,63.2,64.8,61.0,63.7,87.8,73.7
13.1272,80.306,0,3,2,57.2,62.7,57.7,51.0,85.3,41.5
12.959,80.1736,4,3,5,55.6,81.3,93.0,48.0,87.1,54.8
13.0258,80.15,5,3,4,85.5,71.9,77.7,87.1,82.5,85.6
13.0158,80.2924,12,0,3,70.9,68.1,81.2,83.2,90.3,98.0
13.04,80.2213,1,3,4,61.1,93.8,74.1,87.9,97.2,57.9
12.9719,80.2009,14,0,5,70.5,92.3,92.6,49.9,94.2,98.0
13.1842,80.1526,14,3,5,64.2,71.9,69.8,84.6,82.5,76.9
13.0885,80.2581,12,1,5,55.4,81.7,59.4,58.0,96.3,98.0
13.0264,80.3202,13,2,4,85.1,62.0,77.7,87.1,83.0,97.1
13.0492,80.3415,21,4,5,93.7,64.8,70.6,85.6,79.5,78.9
13.0618,80.2631,6,4,5,50.7,81.7,67.2,80.5,96.3,61.8
13.1001,80.2529,13,0,4,69.5,86.1,57.9,52.0,97.4,98.0
13.0789,80.167,23,4,5,86.3,81.3,61.5,65.5,87.1,61.0
13.1798,80.2598,9,1,5,81.5,81.7,69.8,84.6,96.3,98.0
13.0742,80.226,16,4,5,47.4,92.5,64.1,73.4,97.9,61.8
13.198,80.2714,13,0,5,69.9,76.9,76.9,87.6,94.7,98.0
13.1629,80.2277,7,4,4,84.9,92.5,63.5,71.6,97.9,78.3
13.0021,80.1981,3,0,2,71.1,92.3,87.3,69.3,94.2,83.7
13.1826,80.169,15,2,5,68.1,81.3,69.8,84.6,87.1,85.9
12.9791,80.213,23,1,4,76.8,93.8,91.4,54.6,95.9,87.4
13.1544,80.1693,12,4,3,57.1,81.3,61.0,63.7,87.1,51.0
13.0452,80.1854,21,1,5,85.1,89.6,70.6,85.6,92.0,98.0
13.1695,80.3475,19,3,5,57.2,68.0,66.5,79.0,78.4,73.9
13.167,80.2388,17,3,5,87.1,89.8,66.5,79.0,98.0,91.2
13.1515,80.2564,13,4,3,87.9,81.7,61.0,63.7,96.3,72.3
13.1475,80.3247,17,3,3,51.8,62.0,61.0,63.7,83.0,62.2
13.0262,80.3491,4,2,4,89.2,68.0,77.7,87.1,78.4,79.6
12.9702,80.2665,8,2,5,88.1,76.9,92.6,49.9,94.7,98.0
13.0507,80.3125,2,3,5,81.0,62.7,70.6,85.6,85.3,72.3
12.9934,80.2154,7,2,3,75.2,93.8,89.7,61.5,97.2,87.8
13.1237,80.2111,19,1,3,74.3,93.8,57.1,48.2,95.9,98.0
13.0365,80.2305,21,2,4,58.2,92.5,74.1,87.9,97.9,83.6
13.1939,80.2845,9,1,5,73.2,72.2,73.3,87.6,92.6,98.0
13.1102,80.2864,21,0,4,67.5,68.1,57.1,48.6,90.3,98.0
13.1556,80.213,18,2,4,80.9,93.8,63.5,71.6,95.9,97.2
12.9831,80.1766,20,2,4,56.1,85.8,91.4,54.6,89.6,85.0
13.1655,80.2765,2,2,5,77.0,72.2,66.5,79.0,92.6,79.7
13.1807,80.1757,10,1,5,68.0,85.8,69.8,84.6,89.6,98.0
13.0718,80.2657,10,3,5,57.6,76.9,64.1,73.4,94.7,76.1
13.1016,80.2887,16,0,4,73.9,68.1,57.9,52.0,90.3,98.0
13.1412,80.2901,15,1,2,68.1,68.1,59.0,56.4,90.3,88.6
12.9937,80.3007,6,1,3,70.8,64.8,89.7,61.5,87.8,95.5
13.0756,80.3246,3,3,5,83.2,62.0,61.5,65.5,83.0,68.7
13.0497,80.25,22,4,5,55.5,86.1,70.6,85.6,97.4,41.7
12.9866,80.296,18,2,3,67.8,64.8,89.7,61.5,87.8,81.0
13.0419,80.2738,11,2,4,66.0,76.9,74.1,87.9,94.7,85.1
12.967,80.1873,14,2,5,67.6,89.6,92.6,49.9,92.0,89.9
12.9565,80.1551,10,4,5,52.4,76.6,93.0,48.0,84.7,58.0
12.9838,80.2069,4,2,4,72.2,93.8,91.4,54.6,95.9,75.3
13.1908,80.2386,4,0,5,76.3,89.8,73.3,87.6,98.0,98.0
13.0874,80.2734,14,2,5,61.6,76.9,59.4,58.0,94.7,89.9
13.1915,80.32,17,0,5,70.6,62.0,73.3,87.6,83.0,98.0
13.0581,80.1892,10,2,5,82.2,89.6,67.2,80.5,92.0,95.6
13.028,80.1751,11,1,4,78.1,85.8,77.7,87.1,89.6,98.0
13.0765,80.3427,1,4,5,88.8,64.8,61.5,65.5,79.5,61.7
13.0599,80.1716,19,3,5,98.0,81.3,67.2,80.5,87.1,90.1
12.9764,80.2457,14,5,4,94.8,86.1,91.4,54.6,97.4,82.2
13.1102,80.2671,19,0,4,73.5,76.9,57.1,48.6,94.7,98.0
13.004,80.2583,3,2,2,78.7,81.7,87.3,69.3,96.3,63.5
13.1049,80.1672,21,0,4,76.5,81.3,57.9,52.0,87.1,98.0
13.1126,80.1614,17,1,4,71.5,76.6,57.1,48.6,84.7,98.0
12.988,80.1711,5,3,3,57.0,81.3,89.7,61.5,87.1,67.4
12.9653,80.2671,22,3,5,85.2,76.9,92.6,49.9,94.7,72.0
13.1452,80.2589,18,3,3,91.8,81.7,61.0,63.7,96.3,83.5
13.065,80.1967,10,1,5,73.6,92.3,67.2,80.5,94.2,98.0
12.9645,80.2776,23,1,5,75.8,72.2,93.0,48.0,92.6,89.9
13.1987,80.314,1,1,5,69.5,62.7,76.9,87.6,85.3,88.4
12.9644,80.1583,7,4,5,54.3,76.6,93.0,48.0,84.7,61.7
13.1238,80.2496,10,3,3,79.6,86.1,57.1,48.2,97.4,80.2
13.1959,80.2879,4,0,5,78.1,68.1,76.9,87.6,90.3,98.0
13.0098,80.2005,17,1,2,73.5,92.3,84.4,77.0,94.2,90.1
12.9856,80.2116,22,1,3,79.2,93.8,89.7,61.5,95.9,80.9
12.9803,80.2727,17,3,4,85.3,76.9,91.4,54.6,94.7,87.7
13.0258,80.3296,13,2,4,89.8,62.7,77.7,87.1,81.0,95.4
12.9753,80.312,21,3,4,58.4,62.7,91.4,54.6,85.3,71.1
13.123,80.2666,9,1,3,83.9,76.9,57.1,48.2,94.7,98.0
12.9656,80.296,2,2,5,60.2,64.8,92.6,49.9,87.8,71.7
13.0774,80.223,8,2,5,66.5,93.8,61.5,65.5,97.2,89.4
13.1992,80.2782,2,1,5,71.2,72.2,76.9,87.6,92.6,86.6
13.1535,80.2432,10,4,3,97.9,89.8,61.0,63.7,98.0,72.8
13.1038,80.188,11,1,4,73.0,89.6,57.9,52.0,92.0,98.0
13.0266,80.2903,11,0,4,68.4,68.1,77.7,87.1,90.3,98.0
13.106,80.2613,2,1,4,78.7,81.7,57.1,48.6,96.3,87.6
13.0818,80.2217,20,2,5,63.2,93.8,61.5,65.5,97.2,88.2
13.0565,80.3323,6,5,5,95.2,62.7,67.2,80.5,81.0,81.0
12.9827,80.1542,13,4,4,50.7,71.9,91.4,54.6,82.5,59.0
13.1717,80.2132,23,2,5,78.4,93.8,66.5,79.0,95.9,78.5
13.0624,80.1614,10,4,5,93.3,76.6,67.2,80.5,84.7,81.4
12.9987,80.3033,6,1,2,77.7,64.8,87.3,69.3,87.8,90.4
13.0419,80.2904,20,0,4,73.2,68.1,74.1,87.9,90.3,98.0
13.0535,80.2163,9,3,5,57.5,93.8,70.6,85.6,97.2,74.6
13.1569,80.2851,10,0,4,73.0,68.1,63.5,71.6,90.3,98.0
13.1334,80.2292,14,3,2,81.9,92.5,57.7,51.0,97.9,72.3
13.1423,80.3013,18,1,2,65.6,64.8,59.0,56.4,87.8,85.8
12.9528,80.2408,15,4,5,92.8,89.8,92.7,49.3,98.0,77.7
13.054,80.2325,21,3,5,52.0,92.5,70.6,85.6,97.9,74.6
13.0703,80.3369,20,5,5,92.8,64.8,64.1,73.4,79.5,82.7
12.9548,80.2002,19,0,5,77.9,92.3,92.7,49.3,94.2,98.0
13.015,80.1741,11,1,2,68.2,81.3,84.4,77.0,87.1,87.4
13.1401,80.2669,17,2,2,79.6,76.9,59.0,56.4,94.7,83.6
12.9843,80.3439,22,5,4,54.2,64.8,91.4,54.6,79.5,42.0
13.0838,80.2256,12,2,5,59.4,92.5,61.5,65.5,97.9,85.5
13.0038,80.1624,4,3,2,59.0,76.6,87.3,69.3,84.7,44.7
12.953,80.2179,3,2,5,81.1,93.8,92.7,49.3,97.2,80.6
13.0103,80.2512,13,1,2,76.4,86.1,84.4,77.0,97.4,93.8
13.194,80.1824,7,0,5,72.6,85.8,73.3,87.6,89.6,98.0
13.1504,80.2816,8,2,3,76.1,72.2,61.0,63.7,92.6,88.8
13.1899,80.3495,18,0,5,68.7,68.0,73.3,87.6,78.4,98.0
13.072,80.2403,2,5,5,54.7,89.8,64.1,73.4,98.0,43.5
12.9774,80.2209,4,2,4,85.3,93.8,91.4,54.6,97.2,80.9
13.087,80.2301,20,2,5,61.4,92.5,59.4,58.0,97.9,90.5
13.0636,80.173,17,3,5,88.9,81.3,67.2,80.5,87.1,91.9
13.1611,80.3267,0,5,4,56.0,62.7,63.5,71.6,81.0,39.4
12.9745,80.233,7,3,5,89.9,92.5,92.6,49.9,97.9,92.7
13.0721,80.2275,18,4,5,57.7,92.5,64.1,73.4,97.9,62.3
12.9875,80.2819,16,1,3,75.7,72.2,89.7,61.5,92.6,98.0
13.0312,80.2384,16,3,4,64.8,89.8,77.7,87.1,98.0,72.9
13.1343,80.2796,10,1,2,74.3,72.2,57.7,51.0,92.6,92.4
13.069,80.1623,1,5,5,94.3,76.6,64.1,73.4,84.7,63.2
13.044,80.3127,5,2,4,84.8,62.7,74.1,87.9,85.3,95.7
13.0486,80.3381,21,5,5,86.0,64.8,70.6,85.6,79.5,79.8
13.0649,80.2798,13,1,5,64.6,72.2,67.2,80.5,92.6,98.0
13.1463,80.3409,2,5,3,46.9,64.8,61.0,63.7,79.5,30.5
13.173,80.1803,11,2,5,59.5,85.8,66.5,79.0,89.6,88.7
13.1888,80.2455,3,1,5,79.3,86.1,73.3,87.6,97.4,90.7
13.1467,80.2704,11,2,3,83.8,76.9,61.0,63.7,94.7,89.7
13.0289,80.2663,12,2,4,66.4,76.9,77.7,87.1,94.7,88.7
13.122,80.2303,1,1,3,82.7,92.5,57.1,48.2,97.9,80.0
13.0594,80.2176,1,3,5,55.4,93.8,67.2,80.5,97.2,56.1
13.0137,80.1754,14,0,2,70.9,85.8,84.4,77.0,89.6,98.0
13.1602,80.2283,22,4,4,90.2,92.5,63.5,71.6,97.9,60.6
12.9596,80.1825,16,2,5,58.8,85.8,93.0,48.0,89.6,87.4
13.1754,80.2969,6,1,5,69.3,64.8,69.8,84.6,87.8,98.0
13.0654,80.1918,13,1,5,78.5,89.6,64.1,73.4,92.0,98.0
13.1093,80.1617,11,1,4,69.6,76.6,57.1,48.6,84.7,98.0
13.1148,80.2605,16,0,4,76.5,81.7,57.1,48.6,96.3,98.0
13.1738,80.269,13,3,5,83.6,76.9,66.5,79.0,94.7,86.2
13.1092,80.3244,5,0,4,71.3,62.0,57.1,48.6,83.0,98.0
13.1035,80.2654,18,1,4,66.3,76.9,57.9,52.0,94.7,98.0
12.9667,80.2191,23,2,5,87.5,93.8,92.6,49.9,97.2,80.5
13.0796,80.3106,5,3,5,81.6,62.7,61.5,65.5,85.3,85.9
12.9875,80.2581,17,3,3,85.3,81.7,89.7,61.5,96.3,81.7
13.1344,80.1659,23,4,2,59.3,81.3,57.7,51.0,87.1,30.9
13.0781,80.2632,4,2,5,55.7,81.7,61.5,65.5,96.3,65.4
13.1201,80.3316,23,3,3,65.4,62.7,57.1,48.2,81.0,51.1
12.9604,80.2293,23,3,5,87.6,92.5,93.0,48.0,97.9,73.3
12.9712,80.2093,5,2,5,79.1,93.8,92.6,49.9,95.9,96.3
13.1291,80.1787,1,2,2,62.2,85.8,57.7,51.0,89.6,53.6
12.968,80.1803,7,3,5,56.6,85.8,92.6,49.9,89.6,74.4
12.9678,80.2366,14,4,5,92.1,89.8,92.6,49.9,98.0,82.8
12.953,80.2691,14,3,5,88.4,76.9,92.7,49.3,94.7,86.7
13.1891,80.1661,10,0,5,63.9,81.3,73.3,87.6,87.1,98.0
13.1344,80.3379,21,4,2,54.9,64.8,57.7,51.0,79.5,46.6
13.0383,80.301,21,1,4,78.3,64.8,74.1,87.9,87.8,98.0
13.0241,80.2673,23,1,3,64.8,76.9,81.2,83.2,94.7,73.5
13.0374,80.3157,0,2,4,87.4,62.0,74.1,87.9,83.0,80.7
13.1437,80.166,17,4,2,52.6,81.3,59.0,56.4,87.1,44.3
13.1153,80.2454,11,2,3,84.3,86.1,57.1,48.2,97.4,92.2
12.9963,80.276,11,1,2,76.7,72.2,87.3,69.3,92.6,90.4
12.9935,80.3157,10,3,3,57.5,62.0,89.7,61.5,83.0,63.7
12.9746,80.3067,7,3,5,61.1,62.7,92.6,49.9,85.3,75.1
13.1151,80.2054,6,0,3,70.4,93.8,57.1,48.2,95.9,98.0
13.1411,80.3382,22,5,2,53.0,64.8,59.0,56.4,79.5,27.5
13.0163,80.1749,20,0,3,74.4,81.3,81.2,83.2,87.1,98.0
12.9552,80.325,1,5,5,53.4,62.7,93.0,48.0,81.0,42.1
12.9705,80.3442,10,4,5,43.9,64.8,92.6,49.9,79.5,58.7
13.192,80.1854,21,1,5,73.7,89.6,73.3,87.6,92.0,98.0
13.0239,80.2944,9,0,3,77.2,68.1,81.2,83.2,90.3,98.0
13.1423,80.1581,2,5,2,52.6,76.6,59.0,56.4,84.7,27.7
13.1062,80.2311,19,0,4,75.1,92.5,57.1,48.6,97.9,98.0
13.0455,80.2533,9,5,5,50.7,86.1,70.6,85.6,97.4,61.5
13.0014,80.2661,17,1,2,76.4,76.9,87.3,69.3,94.7,91.2
12.9803,80.3372,13,5,4,48.2,64.8,91.4,54.6,79.5,61.4
13.1038,80.2845,17,0,4,72.3,72.2,57.9,52.0,92.6,98.0
13.1437,80.2463,23,5,2,89.3,86.1,59.0,56.4,97.4,48.9
13.111,80.3119,7,0,4,69.2,62.7,57.1,48.6,85.3,98.0
13.0826,80.3401,9,4,5,85.7,64.8,61.5,65.5,79.5,79.3
12.9605,80.1544,21,4,5,50.5,71.9,93.0,48.0,82.5,59.6
13.1921,80.3465,12,1,5,71.1,68.0,73.3,87.6,78.4,98.0
13.1497,80.1672,20,3,3,54.5,81.3,61.0,63.7,87.1,64.7
13.0232,80.3129,7,1,3,71.7,62.7,81.2,83.2,85.3,95.7
13.195,80.2061,3,0,5,72.5,93.8,73.3,87.6,95.9,98.0
13.1005,80.1764,3,1,4,74.0,85.8,57.9,52.0,89.6,86.4
13.0956,80.238,4,0,4,73.6,89.8,57.9,52.0,98.0,94.2
13.137,80.2788,0,2,2,74.0,72.2,59.0,56.4,92.6,64.2
13.1529,80.2262,16,3,3,96.0,92.5,61.0,63.7,97.9,83.9
13.1141,80.1609,1,1,4,64.9,76.6,57.1,48.6,84.7,82.0
12.982,80.2699,7,2,4,82.1,76.9,91.4,54.6,94.7,98.0
13.0346,80.3305,6,3,4,78.7,62.7,77.7,87.1,81.0,84.0
13.182,80.2266,14,1,5,78.3,92.5,69.8,84.6,97.9,98.0
13.0062,80.1933,4,1,2,69.5,89.6,84.4,77.0,92.0,71.0
13.043,80.2385,1,3,4,55.5,89.8,74.1,87.9,98.0,51.8
13.058,80.1597,6,5,5,95.6,76.6,67.2,80.5,84.7,82.2
13.0599,80.3141,7,2,5,83.1,62.7,67.2,80.5,85.3,98.0
13.1032,80.3153,6,1,4,76.7,62.0,57.9,52.0,83.0,98.0
13.1858,80.2676,6,0,5,78.6,76.9,73.3,87.6,94.7,98.0
13.0102,80.2206,13,1,2,74.1,93.8,84.4,77.0,97.2,91.3
12.9804,80.31,20,2,4,55.7,62.7,91.4,54.6,85.3,83.7
12.9994,80.2609,17,2,2,81.1,81.7,87.3,69.3,96.3,83.2
13.1717,80.3152,5,2,5,58.5,62.0,66.5,79.0,83.0,86.8
13.1115,80.2763,3,1,4,74.1,72.2,57.1,48.6,92.6,83.5
13.0215,80.3069,9,0,3,71.6,62.7,81.2,83.2,85.3,98.0
13.154,80.2697,17,3,3,85.4,76.9,61.0,63.7,94.7,81.7
13.1653,80.2328,11,2,5,82.9,92.5,66.5,79.0,97.9,98.0
13.1616,80.3416,15,5,4,54.6,64.8,63.5,71.6,79.5,58.8
13.1797,80.2582,6,1,5,82.8,81.7,69.8,84.6,96.3,98.0
13.0131,80.271,5,1,2,75.3,76.9,84.4,77.0,94.7,90.6
13.1388,80.1941,4,1,2,66.6,89.6,59.0,56.4,92.0,65.8
13.0651,80.2751,2,2,5,63.7,72.2,64.1,73.4,92.6,71.8
13.1605,80.2643,11,3,4,91.5,81.7,63.5,71.6,96.3,91.1
13.1321,80.187,14,2,2,64.8,89.6,57.7,51.0,92.0,77.1
13.1441,80.1619,9,4,2,49.6,76.6,59.0,56.4,84.7,47.5
13.114,80.2709,19,1,4,77.0,76.9,57.1,48.6,94.7,98.0
12.9944,80.3027,18,1,3,67.2,64.8,89.7,61.5,87.8,93.2
13.0863,80.2547,15,3,5,63.0,86.1,59.4,58.0,97.4,76.0
13.1962,80.1954,10,0,5,71.1,92.3,76.9,87.6,94.2,98.0
13.1843,80.2833,7,1,5,75.5,72.2,69.8,84.6,92.6,98.0
12.9608,80.166,2,3,5,53.3,81.3,93.0,48.0,87.1,56.9
12.9912,80.2384,22,4,3,86.6,89.8,89.7,61.5,98.0,51.8
12.9829,80.1827,6,2,4,63.0,85.8,91.4,54.6,89.6,84.2
13.1315,80.1869,22,2,2,70.8,89.6,57.7,51.0,92.0,59.1
13.1544,80.1905,6,1,3,63.7,89.6,61.0,63.7,92.0,89.4
13.0034,80.2273,13,2,2,81.5,92.5,87.3,69.3,97.9,83.0
13.0765,80.1602,1,3,5,92.1,76.6,61.5,65.5,84.7,74.8
13.1602,80.2296,9,4,4,87.7,92.5,63.5,71.6,97.9,78.9
13.1332,80.2523,18,3,2,91.0,86.1,57.7,51.0,97.4,76.9
13.0856,80.2467,8,3,5,62.7,86.1,59.4,58.0,97.4,73.4
13.0976,80.2266,15,0,4,68.3,92.5,57.9,52.0,97.9,98.0
13.0771,80.3178,18,3,5,86.0,62.0,61.5,65.5,83.0,90.3
13.0244,80.1791,17,0,3,75.3,85.8,81.2,83.2,89.6,98.0
13.0913,80.2511,8,3,5,62.2,86.1,59.4,58.0,97.4,74.3
13.1222,80.1624,15,2,3,53.5,76.6,57.1,48.2,84.7,78.2
13.1683,80.1642,12,4,5,54.8,76.6,66.5,79.0,84.7,61.2
13.1091,80.2648,9,0,4,70.3,81.7,57.1,48.6,96.3,98.0
13.1403,80.2632,19,4,2,89.4,81.7,59.0,56.4,96.3,66.1
12.99,80.3256,13,3,3,55.9,62.7,89.7,61.5,81.0,67.2
13.0654,80.2616,11,4,5,50.9,81.7,64.1,73.4,96.3,62.9
12.9523,80.342,18,3,5,55.7,64.8,92.7,49.3,79.5,74.4
13.0117,80.1597,6,1,2,66.8,76.6,84.4,77.0,84.7,89.0
13.1316,80.1696,22,3,2,58.1,81.3,57.7,51.0,87.1,40.2
13.198,80.1588,14,1,5,76.0,76.6,76.9,87.6,84.7,98.0
12.9748,80.1871,15,1,5,65.7,89.6,92.6,49.9,92.0,98.0
13.0504,80.2583,7,4,5,53.9,81.7,70.6,85.6,96.3,62.6
13.15,80.2791,9,1,3,79.7,72.2,61.0,63.7,92.6,98.0
13.001,80.1591,3,3,2,63.3,76.6,87.3,69.3,84.7,43.4
13.0888,80.3392,18,2,5,83.5,64.8,59.4,58.0,79.5,98.0
13.1333,80.3184,18,3,2,58.6,62.0,57.7,51.0,83.0,56.6
13.104,80.2093,20,0,4,69.8,93.8,57.9,52.0,95.9,98.0
12.997,80.1654,14,2,2,66.1,81.3,87.3,69.3,87.1,73.6
13.0388,80.184,13,2,4,82.4,85.8,74.1,87.9,89.6,97.9
13.1459,80.1754,0,3,3,58.9,85.8,61.0,63.7,89.6,46.3
13.0886,80.1747,15,1,5,81.4,81.3,59.4,58.0,87.1,98.0
12.9513,80.2537,9,4,5,83.2,86.1,92.7,49.3,97.4,77.6
13.1402,80.1992,18,0,2,71.2,92.3,59.0,56.4,94.2,98.0
12.9588,80.2216,21,3,5,80.6,93.8,93.0,48.0,97.2,89.3
13.1364,80.3479,2,3,2,53.8,68.0,59.0,56.4,78.4,39.6
13.0006,80.2869,4,1,2,73.3,68.1,87.3,69.3,90.3,70.6
13.1895,80.3398,8,0,5,69.8,64.8,73.3,87.6,79.5,98.0
13.042,80.1785,17,3,4,80.3,85.8,74.1,87.9,89.6,85.6
13.0317,80.2264,10,1,4,67.1,92.5,77.7,87.1,97.9,98.0
12.9872,80.2609,15,4,3,89.5,81.7,89.7,61.5,96.3,69.6
13.0264,80.1654,1,1,4,76.7,81.3,77.7,87.1,87.1,90.9
13.1692,80.1508,11,4,5,61.7,71.9,66.5,79.0,82.5,66.0
13.1991,80.2841,21,0,5,69.6,72.2,76.9,87.6,92.6,98.0
13.0421,80.2784,5,2,4,63.0,72.2,74.1,87.9,92.6,85.2
13.0622,80.2322,10,3,5,52.7,92.5,67.2,80.5,97.9,74.4
13.1305,80.2479,7,4,2,88.3,86.1,57.7,51.0,97.4,64.9
13.1715,80.2331,11,2,5,90.5,92.5,66.5,79.0,97.9,98.0
13.0983,80.1548,1,1,4,81.8,71.9,57.9,52.0,82.5,90.3
13.0479,80.2171,8,2,5,58.5,93.8,70.6,85.6,97.2,85.6
13.0532,80.1854,14,2,5,81.4,89.6,70.6,85.6,92.0,96.5
13.1239,80.1697,1,1,3,58.9,81.3,57.1,48.2,87.1,74.6
12.9508,80.3413,0,4,5,59.2,64.8,92.7,49.3,79.5,45.5
13.1049,80.2699,9,0,4,65.8,76.9,57.9,52.0,94.7,98.0
13.0389,80.2957,1,2,4,78.0,64.8,74.1,87.9,87.8,75.2
13.1485,80.2131,11,1,3,78.3,93.8,61.0,63.7,95.9,98.0
12.9732,80.2286,22,4,5,93.1,92.5,92.6,49.9,97.9,65.0
13.0971,80.1974,7,0,4,69.1,92.3,57.9,52.0,94.2,98.0
13.0702,80.1694,4,4,5,92.3,81.3,64.1,73.4,87.1,63.2
13.1106,80.1858,21,0,4,75.2,89.6,57.1,48.6,92.0,98.0
12.9662,80.3095,0,3,5,63.5,62.7,92.6,49.9,85.3,58.1
13.095,80.2855,14,0,5,75.1,68.1,59.4,58.0,90.3,98.0
13.0904,80.2594,5,2,5,62.5,81.7,59.4,58.0,96.3,89.6
13.0902,80.245,11,2,5,66.0,86.1,59.4,58.0,97.4,89.4
13.1009,80.3345,7,1,4,75.5,62.7,57.9,52.0,81.0,98.0
13.1191,80.1645,12,2,3,54.5,76.6,57.1,48.2,84.7,76.0
13.1512,80.2061,18,2,3,81.3,93.8,61.0,63.7,95.9,88.5
13.0175,80.22,0,0,3,71.5,93.8,81.2,83.2,97.2,88.8
13.1563,80.3065,10,3,4,60.5,62.7,63.5,71.6,85.3,71.9
13.0746,80.3485,19,3,5,91.6,68.0,64.1,73.4,78.4,92.3
12.9693,80.1981,0,1,5,75.4,92.3,92.6,49.9,94.2,90.0
12.9646,80.3249,7,3,5,54.9,62.0,93.0,48.0,83.0,73.1
13.0336,80.3161,4,2,4,76.9,62.0,77.7,87.1,83.0,76.4
13.1462,80.1949,16,1,3,63.6,89.6,61.0,63.7,92.0,93.6
13.1269,80.2299,7,3,2,84.7,92.5,57.7,51.0,97.9,74.8
13.1472,80.2319,9,3,3,90.9,92.5,61.0,63.7,97.9,82.3
13.0793,80.3456,1,3,5,87.3,68.0,61.5,65.5,78.4,70.4
13.06,80.1862,8,1,5,78.5,89.6,67.2,80.5,92.0,98.0
12.9869,80.3098,23,3,3,60.4,62.7,89.7,61.5,85.3,48.8
13.032,80.2168,22,1,4,63.5,93.8,77.7,87.1,97.2,81.5
13.0585,80.2962,2,2,5,81.4,64.8,67.2,80.5,87.8,79.5
12.9722,80.234,17,3,5,93.9,92.5,92.6,49.9,97.9,92.4
13.0052,80.2657,6,1,2,73.7,76.9,84.4,77.0,94.7,90.1
13.0996,80.3165,14,0,4,76.2,62.0,57.9,52.0,83.0,98.0
13.1339,80.3108,20,3,2,65.4,62.7,57.7,51.0,85.3,63.5
13.1996,80.3233,21,0,5,73.9,62.0,76.9,87.6,83.0,98.0
13.1833,80.1619,19,3,5,63.3,76.6,69.8,84.6,84.7,78.1
13.1106,80.2884,17,0,4,74.8,68.1,57.1,48.6,90.3,98.0
13.0553,80.178,2,3,5,82.6,85.8,67.2,80.5,89.6,68.8
13.109,80.2332,22,0,4,76.2,92.5,57.1,48.6,97.9,98.0
13.1464,80.2597,13,4,3,87.8,81.7,61.0,63.7,96.3,71.8
12.9796,80.2305,23,3,4,91.7,92.5,91.4,54.6,97.9,69.1
13.0525,80.2539,1,5,5,54.9,86.1,70.6,85.6,97.4,42.7
13.16,80.3493,13,3,4,57.9,68.0,63.5,71.6,78.4,70.3
13.046,80.177,21,3,5,82.4,85.8,70.6,85.6,89.6,87.3
13.093,80.2851,10,0,5,71.7,68.1,59.4,58.0,90.3,98.0
13.0969,80.2292,15,1,4,68.1,92.5,57.9,52.0,97.9,98.0
12.9961,80.1766,7,1,2,64.2,85.8,87.3,69.3,89.6,85.7
13.0406,80.1817,6,3,4,77.9,85.8,74.1,87.9,89.6,85.0
13.0336,80.3399,10,2,4,82.5,64.8,77.7,87.1,79.5,98.0
12.9565,80.3259,2,5,5,48.9,62.7,93.0,48.0,81.0,39.8
12.956,80.3314,16,4,5,53.6,62.7,93.0,48.0,81.0,61.7
13.1579,80.3483,13,4,4,51.1,68.0,63.5,71.6,78.4,57.4
13.0183,80.1917,5,0,3,77.9,89.6,81.2,83.2,92.0,98.0
13.0795,80.2211,7,3,5,53.9,93.8,61.5,65.5,97.2,74.5
13.0247,80.2838,21,0,3,75.7,72.2,81.2,83.2,92.6,98.0
13.1852,80.2468,4,1,5,74.1,86.1,73.3,87.6,97.4,87.7
13.0148,80.2337,7,0,2,72.0,92.5,84.4,77.0,97.9,98.0
13.0574,80.2216,1,3,5,61.2,93.8,67.2,80.5,97.2,54.2
13.1682,80.2688,14,2,5,83.6,76.9,66.5,79.0,94.7,98.0
13.1605,80.2651,11,3,4,81.0,76.9,63.5,71.6,94.7,84.3
12.9965,80.1823,16,1,2,68.4,85.8,87.3,69.3,89.6,87.2
13.1507,80.2443,0,5,3,91.8,89.8,61.0,63.7,98.0,57.0
13.0645,80.2607,14,3,5,56.5,81.7,67.2,80.5,96.3,72.9
13.0707,80.2641,13,4,5,51.3,81.7,64.1,73.4,96.3,61.0
12.9834,80.192,19,1,4,65.5,89.6,91.4,54.6,92.0,98.0
12.9702,80.2985,21,2,5,67.4,64.8,92.6,49.9,87.8,87.4
13.132,80.155,15,3,2,50.8,76.6,57.7,51.0,84.7,57.8
13.0741,80.221,8,3,5,57.4,93.8,64.1,73.4,97.2,73.8
13.0592,80.306,0,2,5,80.8,62.7,67.2,80.5,85.3,81.5
13.1324,80.2628,16,4,2,86.6,81.7,57.7,51.0,96.3,64.5
13.1414,80.2022,12,0,2,71.9,92.3,59.0,56.4,94.2,98.0
12.9897,80.289,20,1,3,75.6,68.1,89.7,61.5,90.3,94.6
13.1026,80.2635,20,0,4,70.3,81.7,57.9,52.0,96.3,98.0
12.9838,80.3092,4,3,4,56.2,62.7,91.4,54.6,85.3,52.7
13.1378,80.297,9,1,2,67.3,64.8,59.0,56.4,87.8,86.3
13.1142,80.272,5,1,4,74.5,76.9,57.1,48.6,94.7,98.0
13.1892,80.2476,23,0,5,74.6,86.1,73.3,87.6,97.4,98.0
12.9672,80.1766,18,3,5,58.8,85.8,92.6,49.9,89.6,73.0
12.9643,80.2023,12,0,5,75.7,92.3,93.0,48.0,94.2,98.0
13.0205,80.2338,0,1,3,66.4,92.5,81.2,83.2,97.9,78.7
13.0154,80.2699,19,0,3,68.3,76.9,81.2,83.2,94.7,98.0
13.0117,80.2527,14,1,2,76.6,86.1,84.4,77.0,97.4,90.9
13.1766,80.2076,13,0,5,73.1,93.8,69.8,84.6,95.9,98.0
13.0124,80.1513,7,1,2,76.4,71.9,84.4,77.0,82.5,88.4
13.018,80.2492,9,0,3,62.6,86.1,81.2,83.2,97.4,98.0
13.1398,80.2071,8,2,2,80.7,93.8,59.0,56.4,95.9,80.6
13.0624,80.2969,16,1,5,76.6,64.8,67.2,80.5,87.8,98.0
13.1442,80.1548,8,5,2,50.9,71.9,59.0,56.4,82.5,42.8
12.9663,80.267,2,2,5,91.6,76.9,92.6,49.9,94.7,82.4
13.0719,80.3383,10,5,5,96.9,64.8,64.1,73.4,79.5,83.9
12.9584,80.1849,11,2,5,55.5,85.8,93.0,48.0,89.6,87.4
12.9657,80.2443,9,5,5,91.7,89.8,92.6,49.9,98.0,78.9
13.1766,80.1683,16,1,5,61.3,81.3,69.8,84.6,87.1,98.0
12.9848,80.2751,16,2,4,77.8,72.2,91.4,54.6,92.6,94.1
13.0831,80.2601,10,2,5,60.8,81.7,61.5,65.5,96.3,86.3
13.0528,80.2315,21,4,5,51.7,92.5,70.6,85.6,97.9,62.8
13.0368,80.2543,3,3,4,56.0,86.1,74.1,87.9,97.4,49.5
13.175,80.3293,6,4,5,56.8,62.7,66.5,79.0,81.0,63.5
12.9555,80.1893,20,1,5,64.7,89.6,93.0,48.0,92.0,98.0
13.1159,80.1545,13,3,3,59.1,71.9,57.1,48.2,82.5,67.8
13.1908,80.3223,6,0,5,64.2,62.0,73.3,87.6,83.0,98.0
13.09,80.2654,23,2,5,70.7,76.9,59.4,58.0,94.7,70.8
13.1842,80.3281,7,2,5,59.1,62.7,69.8,84.6,81.0,86.3
12.9631,80.2694,0,3,5,85.7,76.9,93.0,48.0,94.7,68.8
13.0547,80.312,23,2,5,86.5,62.7,70.6,85.6,85.3,83.2
13.015,80.2359,21,1,3,70.0,89.8,81.2,83.2,98.0,91.8
13.1327,80.3,3,1,2,69.3,64.8,57.7,51.0,87.8,70.5
13.1953,80.3326,11,1,5,78.5,62.7,76.9,87.6,81.0,98.0
13.0141,80.2644,23,0,2,76.1,81.7,84.4,77.0,96.3,86.5
13.1135,80.1862,2,1,4,76.4,89.6,57.1,48.6,92.0,83.3
12.9995,80.2038,12,0,2,75.1,92.3,87.3,69.3,94.2,98.0
13.0913,80.1897,19,1,5,75.5,89.6,59.4,58.0,92.0,98.0
13.066,80.1994,5,0,5,71.4,92.3,64.1,73.4,94.2,98.0
13.193,80.2113,10,1,5,71.8,93.8,73.3,87.6,95.9,98.0
13.1021,80.261,22,0,4,67.4,81.7,57.9,52.0,96.3,93.6
13.0374,80.2676,3,3,4,61.4,76.9,74.1,87.9,94.7,53.7
12.9785,80.2353,19,4,4,88.1,89.8,91.4,54.6,98.0,79.3
12.9878,80.2731,15,3,3,80.6,76.9,89.7,61.5,94.7,79.9
13.0063,80.1663,6,0,2,69.2,81.3,84.4,77.0,87.1,98.0
13.0127,80.1676,21,1,2,72.8,81.3,84.4,77.0,87.1,88.0
13.1627,80.1844,10,2,4,56.8,85.8,63.5,71.6,89.6,85.4
13.0903,80.2536,23,3,5,62.7,86.1,59.4,58.0,97.4,58.1
13.0808,80.1928,0,1,5,82.2,89.6,61.5,65.5,92.0,89.9
12.9787,80.2067,6,2,4,79.0,93.8,91.4,54.6,95.9,94.6
13.165,80.2301,11,2,5,83.6,92.5,66.5,79.0,97.9,98.0
13.1307,80.3124,6,3,2,65.3,62.7,57.7,51.0,85.3,62.4
12.9669,80.1528,22,4,5,50.5,71.9,92.6,49.9,82.5,42.0
13.127,80.2799,6,2,2,78.9,72.2,57.7,51.0,92.6,82.3
13.0859,80.2838,9,0,5,70.0,72.2,59.4,58.0,92.6,98.0
12.9704,80.3097,15,3,5,58.9,62.7,92.6,49.9,85.3,75.3
13.0646,80.3366,7,4,5,90.6,64.8,67.2,80.5,79.5,81.8
13.0712,80.154,8,5,5,85.8,71.9,64.1,73.4,82.5,81.1
12.9914,80.1808,8,2,3,62.9,85.8,89.7,61.5,89.6,80.4
13.1864,80.3272,1,1,5,67.3,62.7,73.3,87.6,81.0,85.1
13.1625,80.2417,12,4,4,96.5,89.8,63.5,71.6,98.0,82.0
13.1173,80.2629,12,2,3,81.5,81.7,57.1,48.2,96.3,89.6
13.0656,80.2826,22,1,5,68.2,72.2,64.1,73.4,92.6,81.2
13.0529,80.2858,22,1,5,70.9,68.1,70.6,85.6,90.3,88.4
13.1127,80.3363,3,0,4,71.1,64.8,57.1,48.6,79.5,95.1
13.0864,80.3494,23,2,5,77.0,68.0,59.4,58.0,78.4,79.2
12.9656,80.294,11,0,5,70.3,68.1,92.6,49.9,90.3,98.0
13.0781,80.2074,16,2,5,64.0,93.8,61.5,65.5,95.9,88.4
13.1516,80.326,1,4,3,44.1,62.7,61.0,63.7,81.0,34.6
13.0648,80.1598,12,5,5,92.5,76.6,67.2,80.5,84.7,82.1
12.963,80.1962,17,0,5,71.7,92.3,93.0,48.0,94.2,98.0
13.1466,80.3295,14,5,3,46.6,62.7,61.0,63.7,81.0,49.6
13.0003,80.2012,7,0,2,69.7,92.3,87.3,69.3,94.2,98.0
13.0147,80.1941,14,1,2,68.2,89.6,84.4,77.0,92.0,91.2
12.9912,80.1776,0,2,3,64.0,85.8,89.7,61.5,89.6,62.6
13.0326,80.3218,19,2,4,81.1,62.0,77.7,87.1,83.0,98.0
13.1392,80.25,9,4,2,91.8,86.1,59.0,56.4,97.4,66.2
13.0798,80.285,11,2,5,66.7,72.2,61.5,65.5,92.6,91.3
13.0012,80.1978,4,0,2,73.8,92.3,87.3,69.3,94.2,82.6
13.1695,80.3016,8,2,5,64.7,64.8,66.5,79.0,87.8,91.0
13.1699,80.302,22,1,5,68.5,64.8,66.5,79.0,87.8,83.4
13.1676,80.2125,7,2,5,72.8,93.8,66.5,79.0,95.9,94.9
13.0097,80.2321,15,0,2,77.3,92.5,84.4,77.0,97.9,98.0
13.0628,80.1919,13,2,5,76.2,89.6,67.2,80.5,92.0,95.9
13.1962,80.3453,12,0,5,74.4,68.0,76.9,87.6,78.4,98.0
13.143,80.2791,22,2,2,79.1,72.2,59.0,56.4,92.6,62.3
12.9568,80.3369,20,4,5,53.4,64.8,93.0,48.0,79.5,60.5
12.9663,80.2107,12,2,5,75.6,93.8,92.6,49.9,95.9,94.9
13.066,80.3064,4,2,5,90.5,62.7,64.1,73.4,85.3,83.1
13.1773,80.3032,15,1,5,68.7,64.8,69.8,84.6,87.8,98.0
13.0847,80.2883,10,0,5,72.8,68.1,61.5,65.5,90.3,98.0
13.0745,80.3431,21,5,5,93.2,64.8,64.1,73.4,79.5,81.6
12.9764,80.2287,4,3,4,92.5,92.5,91.4,54.6,97.9,71.0
13.1142,80.1761,12,1,4,66.5,85.8,57.1,48.6,89.6,98.0
13.1555,80.2843,10,1,4,73.2,72.2,63.5,71.6,92.6,98.0
13.0451,80.2959,18,2,5,81.6,64.8,70.6,85.6,87.8,95.7
13.1439,80.265,2,2,2,84.6,76.9,59.0,56.4,94.7,65.8
13.1911,80.1914,14,1,5,75.4,89.6,73.3,87.6,92.0,98.0
13.0009,80.2509,6,2,2,83.3,86.1,87.3,69.3,97.4,83.5
13.0808,80.2124,6,2,5,68.9,93.8,61.5,65.5,95.9,90.5
13.0218,80.2355,5,0,3,63.1,89.8,81.2,83.2,98.0,98.0
13.1482,80.279,2,2,3,76.7,72.2,61.0,63.7,92.6,70.1
13.0944,80.299,12,0,5,80.0,64.8,59.4,58.0,87.8,98.0
13.1086,80.1964,6,1,4,69.5,92.3,57.1,48.6,94.2,98.0
13.1495,80.2311,4,3,3,89.8,92.5,61.0,63.7,97.9,65.6
13.049,80.2038,22,1,5,71.7,92.3,70.6,85.6,94.2,87.3
13.1788,80.1897,17,0,5,66.3,89.6,69.8,84.6,92.0,98.0
13.0833,80.3067,21,3,5,85.1,62.7,61.5,65.5,85.3,86.2
12.9895,80.3319,7,3,3,57.6,62.7,89.7,61.5,81.0,65.1
13.124,80.224,16,2,3,82.2,93.8,57.1,48.2,97.2,88.3
13.1483,80.3003,19,1,3,65.7,64.8,61.0,63.7,87.8,92.4
13.0292,80.3294,0,3,4,82.5,62.7,77.7,87.1,81.0,67.3
13.1643,80.3192,13,3,4,55.8,62.0,63.5,71.6,83.0,69.0
13.1765,80.1866,16,1,5,72.5,89.6,69.8,84.6,92.0,98.0
13.0192,80.3413,9,0,3,73.6,64.8,81.2,83.2,79.5,98.0
13.1959,80.2253,11,1,5,69.7,92.5,76.9,87.6,97.9,98.0
12.9852,80.2178,15,2,3,77.2,93.8,89.7,61.5,97.2,88.5
13.0005,80.1625,13,3,2,54.6,76.6,87.3,69.3,84.7,60.2
12.9961,80.2472,15,2,2,83.8,86.1,87.3,69.3,97.4,86.1
13.1735,80.1718,7,3,5,57.7,81.3,66.5,79.0,87.1,75.8
13.1136,80.1997,22,0,4,73.7,92.3,57.1,48.6,94.2,95.6
12.988,80.2134,9,2,3,73.4,93.8,89.7,61.5,95.9,87.2
13.0601,80.3118,16,2,5,81.6,62.7,67.2,80.5,85.3,98.0
13.1038,80.3251,17,1,4,75.2,62.7,57.9,52.0,81.0,98.0
12.9709,80.2105,19,1,5,77.8,93.8,92.6,49.9,95.9,98.0
13.1706,80.3217,15,3,5,58.2,62.0,66.5,79.0,83.0,74.3
13.1509,80.3214,16,3,3,51.7,62.0,61.0,63.7,83.0,63.9
13.0763,80.3029,15,2,5,74.9,64.8,61.5,65.5,87.8,93.7
13.1918,80.1793,18,0,5,73.4,85.8,73.3,87.6,89.6,98.0
13.0544,80.2881,23,1,5,72.1,68.1,70.6,85.6,90.3,89.1
13.196,80.339,23,0,5,75.2,64.8,76.9,87.6,79.5,98.0
13.117,80.2865,7,1,3,72.6,68.1,57.1,48.2,90.3,94.6
13.1087,80.2163,5,0,4,80.0,93.8,57.1,48.6,97.2,98.0
12.9915,80.2501,5,4,3,88.4,86.1,89.7,61.5,97.4,72.1
13.1705,80.2791,20,1,5,76.6,72.2,66.5,79.0,92.6,98.0
13.0569,80.2521,8,5,5,43.1,86.1,67.2,80.5,97.4,57.6
12.9906,80.174,3,3,3,60.1,81.3,89.7,61.5,87.1,47.6
12.9532,80.2124,11,2,5,78.1,93.8,92.7,49.3,95.9,93.9
13.0899,80.3105,11,1,5,84.6,62.7,59.4,58.0,85.3,98.0
13.0818,80.3223,22,3,5,86.0,62.0,61.5,65.5,83.0,70.2
13.1298,80.1775,16,2,2,64.0,85.8,57.7,51.0,89.6,75.9
13.1726,80.3405,14,4,5,58.4,64.8,66.5,79.0,79.5,66.4
12.9699,80.2158,8,2,5,83.2,93.8,92.6,49.9,97.2,98.0
13.1329,80.2825,6,2,2,74.3,72.2,57.7,51.0,92.6,81.2
12.9969,80.3004,9,0,2,68.8,64.8,87.3,69.3,87.8,98.0
13.1645,80.3124,15,3,4,61.2,62.7,63.5,71.6,85.3,75.1
13.1548,80.3391,11,4,3,45.8,64.8,61.0,63.7,79.5,50.1
13.0852,80.2126,6,1,5,70.8,93.8,59.4,58.0,95.9,98.0
13.1276,80.3217,17,2,2,55.0,62.0,57.7,51.0,83.0,71.9
13.0286,80.1763,14,2,4,75.3,85.8,77.7,87.1,89.6,93.7
13.0678,80.291,5,0,5,72.9,68.1,64.1,73.4,90.3,98.0
13.1554,80.2984,11,2,4,67.4,64.8,63.5,71.6,87.8,87.0
13.0648,80.2855,10,0,5,76.1,68.1,67.2,80.5,90.3,98.0
13.0394,80.2005,19,1,4,74.2,92.3,74.1,87.9,94.2,98.0
13.0736,80.3246,2,3,5,88.0,62.0,64.1,73.4,83.0,69.2
13.1571,80.1838,1,3,4,59.6,85.8,63.5,71.6,89.6,55.0
13.0338,80.1607,5,2,4,84.4,76.6,77.7,87.1,84.7,96.4
12.9934,80.2935,23,1,3,70.8,68.1,89.7,61.5,90.3,81.0
13.128,80.2451,21,3,2,84.3,86.1,57.7,51.0,97.4,75.5
13.1565,80.3198,4,4,4,52.4,62.0,63.5,71.6,83.0,41.3
12.9752,80.2267,17,3,4,88.9,92.5,91.4,54.6,97.9,87.2
13.01,80.1837,15,1,2,71.1,85.8,84.4,77.0,89.6,90.6
12.9855,80.3173,7,3,3,58.7,62.0,89.7,61.5,83.0,66.0
13.037,80.2598,19,3,4,54.4,81.7,74.1,87.9,96.3,72.6
13.0626,80.1878,21,1,5,86.3,89.6,67.2,80.5,92.0,98.0
13.1372,80.2941,10,1,2,71.0,68.1,59.0,56.4,90.3,88.6
13.1128,80.2522,9,0,4,74.4,86.1,57.1,48.6,97.4,98.0
13.1052,80.2709,23,1,4,75.7,76.9,57.1,48.6,94.7,84.7
13.0381,80.2422,11,3,4,50.7,89.8,74.1,87.9,98.0,71.7
13.1604,80.3157,20,4,4,50.9,62.0,63.5,71.6,83.0,59.1
13.0678,80.3159,5,3,5,94.3,62.0,64.1,73.4,83.0,89.1
13.1948,80.2919,19,1,5,67.4,68.1,73.3,87.6,90.3,98.0
13.1085,80.1711,4,0,4,72.1,81.3,57.1,48.6,87.1,92.5
12.9816,80.3178,22,4,4,55.3,62.0,91.4,54.6,83.0,43.1
13.119,80.2842,8,0,3,69.7,72.2,57.1,48.2,92.6,98.0
13.0313,80.2894,15,1,4,74.6,68.1,77.7,87.1,90.3,98.0
13.1216,80.2226,21,1,3,82.8,93.8,57.1,48.2,97.2,98.0
12.9674,80.3259,13,5,5,50.6,62.7,92.6,49.9,81.0,59.5
12.9937,80.2951,21,1,3,63.3,64.8,89.7,61.5,87.8,92.7
13.1639,80.1725,7,4,4,55.7,81.3,63.5,71.6,87.1,59.8
13.0068,80.2316,19,0,2,68.8,92.5,84.4,77.0,97.9,98.0
13.1593,80.3273,18,5,4,52.3,62.7,63.5,71.6,81.0,58.4
13.0198,80.1594,13,0,3,78.2,76.6,81.2,83.2,84.7,98.0
13.1107,80.3423,6,1,4,59.8,64.8,57.1,48.6,79.5,98.0
13.1235,80.2858,4,0,3,67.8,68.1,57.1,48.2,90.3,89.8
13.0782,80.2763,17,2,5,66.5,72.2,61.5,65.5,92.6,91.1
13.0263,80.2041,1,0,4,70.6,92.3,77.7,87.1,94.2,93.1
13.0032,80.1998,10,1,2,70.5,92.3,87.3,69.3,94.2,89.9
12.9583,80.3384,21,4,5,54.8,64.8,93.0,48.0,79.5,59.5
13.026,80.2097,7,1,4,71.5,93.8,77.7,87.1,95.9,98.0
13.1133,80.3051,0,0,4,70.6,62.7,57.1,48.6,85.3,94.2
13.1846,80.2286,21,2,5,81.9,92.5,69.8,84.6,97.9,98.0
13.1678,80.1779,11,2,5,57.4,85.8,66.5,79.0,89.6,86.0
13.1415,80.1521,1,5,2,52.2,71.9,59.0,56.4,82.5,31.5
13.1471,80.2589,17,3,3,88.5,81.7,61.0,63.7,96.3,85.4
13.1162,80.3452,6,2,3,68.4,68.0,57.1,48.2,78.4,80.4
13.0151,80.2238,16,0,3,68.8,93.8,81.2,83.2,97.2,98.0
13.1768,80.2214,21,2,5,78.7,93.8,69.8,84.6,97.2,94.4
13.1177,80.2188,22,1,3,78.8,93.8,57.1,48.2,97.2,83.8
13.0901,80.2541,13,3,5,59.3,86.1,59.4,58.0,97.4,75.5
12.9777,80.2381,23,4,4,87.3,89.8,91.4,54.6,98.0,61.2
13.0618,80.326,6,5,5,94.5,62.7,67.2,80.5,81.0,82.2
13.0651,80.2511,21,4,5,51.0,86.1,64.1,73.4,97.4,60.3
13.1661,80.2516,2,4,5,90.0,86.1,66.5,79.0,97.4,61.6
13.0867,80.1777,5,1,5,80.1,85.8,59.4,58.0,89.6,98.0
13.0451,80.3465,19,4,5,93.2,68.0,70.6,85.6,78.4,81.6
13.1942,80.2,1,0,5,72.5,92.3,73.3,87.6,94.2,98.0
12.9777,80.1647,16,5,4,52.8,76.6,91.4,54.6,84.7,60.9
13.0556,80.2826,11,1,5,66.2,72.2,67.2,80.5,92.6,98.0
12.9605,80.2691,11,3,5,89.3,76.9,93.0,48.0,94.7,89.1
13.135,80.233,16,2,2,86.4,92.5,57.7,51.0,97.9,85.8
13.1795,80.2344,9,2,5,80.3,92.5,69.8,84.6,97.9,98.0
13.02,80.307,2,0,3,72.6,62.7,81.2,83.2,85.3,92.4
13.1646,80.1891,19,2,4,64.3,89.6,63.5,71.6,92.0,86.8
13.0231,80.3141,17,0,3,71.6,62.7,81.2,83.2,85.3,98.0
13.1777,80.2797,12,1,5,76.3,72.2,69.8,84.6,92.6,98.0
13.1385,80.2338,11,3,2,86.8,92.5,59.0,56.4,97.9,72.7
13.1512,80.2416,16,5,3,95.5,89.8,61.0,63.7,98.0,76.0
12.9545,80.2013,3,0,5,68.7,92.3,92.7,49.3,94.2,98.0
13.1907,80.3004,22,1,5,71.6,64.8,73.3,87.6,87.8,86.1
13.1317,80.2526,9,3,2,87.5,86.1,57.7,51.0,97.4,72.7
13.0262,80.2142,10,1,4,71.4,93.8,77.7,87.1,95.9,98.0
13.1573,80.2692,5,2,4,83.0,76.9,63.5,71.6,94.7,98.0
13.0204,80.3491,5,1,3,69.6,68.0,81.2,83.2,78.4,94.6
13.1682,80.2371,8,3,5,88.4,89.8,66.5,79.0,98.0,90.3
12.9781,80.3341,14,5,4,53.0,62.7,91.4,54.6,81.0,58.5
13.1259,80.219,1,2,2,90.3,93.8,57.7,51.0,97.2,66.2
13.0852,80.1609,3,3,5,82.2,76.6,59.4,58.0,84.7,67.8
12.9741,80.1908,4,1,5,64.6,89.6,92.6,49.9,92.0,83.6
13.0105,80.2337,16,1,2,79.0,92.5,84.4,77.0,97.9,89.6
12.9531,80.1939,7,1,5,65.3,89.6,92.7,49.3,92.0,98.0
13.0672,80.15,7,5,5,94.1,71.9,64.1,73.4,82.5,81.6
13.0253,80.333,21,2,4,84.4,62.7,77.7,87.1,81.0,95.5
13.0996,80.3188,11,1,4,79.9,62.0,57.9,52.0,83.0,98.0
13.0243,80.2985,20,0,3,69.2,64.8,81.2,83.2,87.8,98.0
13.025,80.1836,7,1,3,71.3,85.8,81.2,83.2,89.6,97.9
13.1358,80.1741,18,3,2,50.0,81.3,59.0,56.4,87.1,56.4
12.962,80.1635,2,5,5,53.0,76.6,93.0,48.0,84.7,42.9
13.1757,80.2948,17,0,5,72.8,68.1,69.8,84.6,90.3,98.0
13.1631,80.3358,20,5,4,53.5,64.8,63.5,71.6,79.5,58.2
13.117,80.2361,18,2,3,81.9,89.8,57.1,48.2,98.0,90.3
13.0983,80.1738,18,1,4,75.6,81.3,57.9,52.0,87.1,98.0
13.1731,80.2525,14,3,5,86.2,86.1,66.5,79.0,97.4,89.1
12.9963,80.2198,5,2,2,79.1,93.8,87.3,69.3,97.2,79.6
12.9697,80.225,15,2,5,84.6,93.8,92.6,49.9,97.2,98.0
13.0099,80.2743,7,1,2,70.7,76.9,84.4,77.0,94.7,92.1
13.1486,80.2937,15,0,3,75.9,68.1,61.0,63.7,90.3,98.0
12.9587,80.1721,17,4,5,58.1,81.3,93.0,48.0,87.1,62.4
13.0957,80.1571,19,0,4,77.0,76.6,57.9,52.0,84.7,98.0
13.1989,80.3489,15,1,5,78.3,68.0,76.9,87.6,78.4,98.0
13.1639,80.1965,10,0,4,69.3,92.3,63.5,71.6,94.2,98.0
13.0804,80.1608,6,4,5,84.3,76.6,61.5,65.5,84.7,79.1
12.9659,80.188,16,1,5,65.9,89.6,92.6,49.9,92.0,98.0
13.1578,80.1578,16,5,4,51.3,76.6,63.5,71.6,84.7,57.0
13.0997,80.2284,11,0,4,66.7,92.5,57.9,52.0,97.9,98.0
12.9787,80.3105,12,3,4,57.3,62.7,91.4,54.6,85.3,72.9
12.9735,80.2182,9,2,5,82.7,93.8,92.6,49.9,97.2,98.0
13.1774,80.2388,6,3,5,81.3,89.8,69.8,84.6,98.0,88.3
13.1173,80.2851,13,0,3,74.4,68.1,57.1,48.2,90.3,98.0
13.1573,80.2518,22,5,4,92.0,86.1,63.5,71.6,97.4,60.4
13.1697,80.3223,0,2,5,53.3,62.0,66.5,79.0,83.0,65.9
13.0929,80.3232,16,2,5,82.1,62.0,59.4,58.0,83.0,98.0
13.0794,80.152,3,3,5,89.0,71.9,61.5,65.5,82.5,71.5
13.0576,80.3056,20,3,5,88.9,62.7,67.2,80.5,85.3,89.2
13.0292,80.2421,4,2,4,63.4,89.8,77.7,87.1,98.0,65.3
13.0586,80.3478,19,4,5,79.3,68.0,67.2,80.5,78.4,79.5
13.1435,80.2466,23,4,2,88.2,86.1,59.0,56.4,97.4,47.5
13.1005,80.3474,22,1,4,74.4,68.0,57.9,52.0,78.4,88.5
13.1731,80.3009,6,1,5,67.5,64.8,66.5,79.0,87.8,98.0
13.0608,80.1997,9,1,5,74.8,92.3,67.2,80.5,94.2,98.0
13.1018,80.2577,16,0,4,67.3,81.7,57.9,52.0,96.3,98.0
13.1078,80.3484,6,1,4,65.3,68.0,57.1,48.6,78.4,98.0
13.0979,80.3215,0,0,4,70.6,62.0,57.9,52.0,83.0,97.4
13.1257,80.1695,6,4,2,57.8,81.3,57.7,51.0,87.1,51.2
13.0094,80.2913,23,0,2,67.3,68.1,84.4,77.0,90.3,81.5
13.0781,80.2191,10,3,5,63.8,93.8,61.5,65.5,97.2,77.0
12.9761,80.1514,8,4,4,52.2,71.9,91.4,54.6,82.5,57.5
13.0461,80.2307,11,4,5,52.4,92.5,70.6,85.6,97.9,63.7
13.0719,80.197,2,0,5,72.1,92.3,64.1,73.4,94.2,98.0
13.1131,80.3138,3,1,4,69.2,62.7,57.1,48.6,85.3,81.5
13.1876,80.2175,3,0,5,77.1,93.8,73.3,87.6,97.2,98.0
13.1002,80.3155,12,1,4,82.2,62.0,57.9,52.0,83.0,98.0
13.1359,80.1501,22,4,2,54.1,71.9,59.0,56.4,82.5,26.2
13.0766,80.2116,18,2,5,66.9,93.8,61.5,65.5,95.9,91.8
13.1085,80.1982,9,0,4,65.7,92.3,57.1,48.6,94.2,98.0
12.9677,80.1967,4,1,5,70.0,92.3,92.6,49.9,94.2,85.1
13.0136,80.1636,6,0,2,69.2,76.6,84.4,77.0,84.7,98.0
13.0405,80.1874,23,2,4,77.6,89.6,74.1,87.9,92.0,76.3
13.0681,80.2611,15,3,5,54.4,81.7,64.1,73.4,96.3,72.6
12.9614,80.2083,0,2,5,75.5,93.8,93.0,48.0,95.9,79.7
12.985,80.2335,11,2,3,87.5,92.5,89.7,61.5,97.9,92.7
13.0192,80.2254,1,1,3,66.4,92.5,81.2,83.2,97.9,75.4
13.1929,80.3252,6,0,5,67.9,62.7,73.3,87.6,81.0,98.0
13.0328,80.3311,10,3,4,77.7,62.7,77.7,87.1,81.0,83.4
13.0705,80.2486,12,4,5,53.2,86.1,64.1,73.4,97.4,60.1
12.999,80.216,1,2,2,76.0,93.8,87.3,69.3,97.2,62.0
13.1027,80.1714,6,0,4,73.9,81.3,57.9,52.0,87.1,98.0
13.0202,80.3407,14,1,3,82.1,64.8,81.2,83.2,79.5,98.0
13.0017,80.162,10,2,2,64.1,76.6,87.3,69.3,84.7,74.7
13.0791,80.2095,1,2,5,63.4,93.8,61.5,65.5,95.9,70.0
12.9514,80.2096,6,1,5,74.2,93.8,92.7,49.3,95.9,98.0
12.9519,80.2141,3,2,5,75.9,93.8,92.7,49.3,95.9,75.8
13.0048,80.1829,10,1,2,63.4,85.8,87.3,69.3,89.6,85.4
12.9592,80.3066,1,3,5,59.6,62.7,93.0,48.0,85.3,57.4
12.977,80.1745,15,3,4,51.4,81.3,91.4,54.6,87.1,71.1
13.0347,80.277,6,1,4,66.3,72.2,77.7,87.1,92.6,98.0
13.1506,80.1748,12,3,3,54.8,81.3,61.0,63.7,87.1,62.7
13.093,80.1641,4,3,5,81.1,76.6,59.4,58.0,84.7,69.7
13.0782,80.3319,16,3,5,86.0,62.7,61.5,65.5,81.0,89.0
13.0234,80.188,20,1,3,75.0,89.6,81.2,83.2,92.0,98.0
13.1829,80.3143,11,1,5,66.9,62.7,69.8,84.6,85.3,98.0
13.0493,80.2589,18,4,5,55.6,81.7,70.6,85.6,96.3,60.6
12.9718,80.1656,6,3,5,53.1,81.3,92.6,49.9,87.1,71.9
13.1043,80.3411,5,1,4,76.7,64.8,57.9,52.0,79.5,98.0
12.9785,80.1994,7,0,4,72.9,92.3,91.4,54.6,94.2,98.0
13.0363,80.3219,12,3,4,86.7,62.0,74.1,87.9,83.0,85.1
13.0769,80.1838,4,2,5,82.1,85.8,61.5,65.5,89.6,82.6
13.1686,80.3208,1,3,5,58.5,62.0,66.5,79.0,83.0,56.4
13.0734,80.1526,8,4,5,98.0,71.9,64.1,73.4,82.5,80.1
13.1256,80.2524,10,4,2,85.4,86.1,57.7,51.0,97.4,66.6
13.1982,80.3039,23,0,5,73.5,64.8,76.9,87.6,87.8,98.0
12.9829,80.337,5,5,4,48.0,64.8,91.4,54.6,79.5,59.0
13.0187,80.3318,6,0,3,77.3,62.7,81.2,83.2,81.0,98.0
13.0486,80.3139,6,3,5,84.8,62.7,70.6,85.6,85.3,87.7
13.0555,80.3276,18,4,5,94.4,62.7,67.2,80.5,81.0,80.4
13.0528,80.1898,5,2,5,83.1,89.6,70.6,85.6,92.0,98.0
13.1769,80.2068,10,0,5,74.5,93.8,69.8,84.6,95.9,98.0
13.1285,80.2078,10,2,2,77.2,93.8,57.7,51.0,95.9,79.7
13.102,80.2254,6,0,4,67.4,92.5,57.9,52.0,97.9,98.0
13.0273,80.2287,1,2,4,67.4,92.5,77.7,87.1,97.9,70.4
13.1559,80.2589,18,3,4,92.7,81.7,63.5,71.6,96.3,89.6
13.1888,80.182,3,1,5,66.3,85.8,73.3,87.6,89.6,84.9
13.1553,80.2882,5,0,4,75.0,68.1,63.5,71.6,90.3,98.0
12.9504,80.1835,16,3,5,63.0,85.8,92.7,49.3,89.6,79.8
13.1091,80.2121,4,0,4,76.5,93.8,57.1,48.6,95.9,98.0
12.9628,80.2507,6,5,5,93.0,86.1,93.0,48.0,97.4,82.9
13.0144,80.3093,8,0,2,67.3,62.7,84.4,77.0,85.3,98.0
12.9649,80.2979,0,2,5,67.0,64.8,93.0,48.0,87.8,72.3
13.1009,80.2791,0,0,4,74.6,72.2,57.9,52.0,92.6,95.2
13.1216,80.1812,18,2,3,64.2,85.8,57.1,48.2,89.6,81.0
12.9786,80.2594,5,3,4,87.0,81.7,91.4,54.6,96.3,88.6
13.046,80.1675,17,4,5,84.9,81.3,70.6,85.6,87.1,81.0
13.0641,80.2255,9,3,5,53.2,92.5,67.2,80.5,97.9,71.3
13.0423,80.2327,10,3,4,55.0,92.5,74.1,87.9,97.9,71.6
12.9803,80.158,0,4,4,53.6,76.6,91.4,54.6,84.7,41.9
13.0547,80.2048,0,1,5,70.2,92.3,70.6,85.6,94.2,85.2
13.1378,80.3411,12,4,2,53.6,64.8,59.0,56.4,79.5,45.0
12.9678,80.3407,4,5,5,50.5,64.8,92.6,49.9,79.5,42.4
12.97,80.2205,19,2,5,86.9,93.8,92.6,49.9,97.2,98.0
13.0387,80.1586,0,4,4,84.8,76.6,74.1,87.9,84.7,56.0
13.1854,80.1858,19,0,5,69.0,89.6,73.3,87.6,92.0,98.0
13.1171,80.2284,2,2,3,87.6,92.5,57.1,48.2,97.9,75.0
13.1197,80.3396,17,2,3,60.5,64.8,57.1,48.2,79.5,76.3
13.0405,80.1782,8,3,4,76.0,85.8,74.1,87.9,89.6,83.2
13.0984,80.3027,13,0,4,72.7,64.8,57.9,52.0,87.8,98.0
12.9525,80.1717,16,3,5,60.0,81.3,92.7,49.3,87.1,74.9
13.109,80.3463,22,0,4,66.0,68.0,57.1,48.6,78.4,92.6
13.1783,80.2263,13,2,5,82.1,92.5,69.8,84.6,97.9,98.0
13.1031,80.305,3,0,4,75.6,62.7,57.9,52.0,85.3,95.9
13.1684,80.2185,4,3,5,84.6,93.8,66.5,79.0,97.2,69.8
13.131,80.2755,20,1,2,74.7,72.2,57.7,51.0,92.6,90.9
12.9801,80.1884,16,2,4,66.7,89.6,91.4,54.6,92.0,87.3
13.1756,80.1792,21,1,5,69.7,85.8,69.8,84.6,89.6,98.0
12.9666,80.3376,1,5,5,48.9,64.8,92.6,49.9,79.5,42.0
13.0835,80.3335,22,3,5,88.8,62.7,61.5,65.5,81.0,70.9
12.9855,80.3275,21,4,3,52.6,62.7,89.7,61.5,81.0,54.8
12.9529,80.2751,4,1,5,80.3,72.2,92.7,49.3,92.6,90.8
13.0555,80.3117,3,3,5,90.6,62.7,67.2,80.5,85.3,70.5
13.0238,80.1638,3,0,3,80.7,76.6,81.2,83.2,84.7,90.8
13.0715,80.217,5,3,5,55.8,93.8,64.1,73.4,97.2,71.9
13.0943,80.2127,19,0,5,67.0,93.8,59.4,58.0,95.9,98.0
12.9609,80.2771,20,2,5,80.7,72.2,93.0,48.0,92.6,97.3
12.9808,80.2212,12,2,4,81.6,93.8,91.4,54.6,97.2,96.6
13.0897,80.1797,21,2,5,78.1,85.8,59.4,58.0,89.6,93.9
13.0358,80.2693,4,2,4,58.2,76.9,74.1,87.9,94.7,66.0
13.1323,80.3129,22,3,2,65.5,62.7,57.7,51.0,85.3,44.0
13.1131,80.2264,22,0,4,77.3,92.5,57.1,48.6,97.9,95.8
13.1614,80.1765,6,3,4,62.1,85.8,63.5,71.6,89.6,75.2
13.1231,80.1893,19,0,3,62.1,89.6,57.1,48.2,92.0,98.0
13.0575,80.1975,0,1,5,73.8,92.3,67.2,80.5,94.2,87.9
13.1182,80.21,13,0,3,73.6,93.8,57.1,48.2,95.9,98.0
13.0188,80.2786,23,1,3,68.9,72.2,81.2,83.2,92.6,77.3
13.0266,80.2702,3,1,4,68.5,76.9,77.7,87.1,94.7,80.4
13.1472,80.2892,16,1,3,75.1,68.1,61.0,63.7,90.3,95.4
13.0616,80.2225,20,2,5,55.5,93.8,67.2,80.5,97.2,86.9
13.1496,80.3148,13,3,3,60.7,62.7,61.0,63.7,85.3,67.6
13.1556,80.1908,15,1,4,60.7,89.6,63.5,71.6,92.0,97.6
13.1644,80.2438,13,5,4,94.7,89.8,63.5,71.6,98.0,79.7
13.1792,80.3102,15,1,5,61.8,62.7,69.8,84.6,85.3,98.0
13.0577,80.186,23,2,5,77.7,89.6,67.2,80.5,92.0,81.4
13.0297,80.172,19,1,4,86.2,81.3,77.7,87.1,87.1,98.0
13.0955,80.3267,7,1,4,79.8,62.7,57.9,52.0,81.0,98.0
13.0428,80.2186,23,2,4,63.6,93.8,74.1,87.9,97.2,70.2
13.1003,80.2868,2,1,4,72.7,68.1,57.9,52.0,90.3,84.3
13.1264,80.1551,18,3,2,50.2,76.6,57.7,51.0,84.7,57.3
13.1221,80.288,0,1,3,74.5,68.1,57.1,48.2,90.3,79.9
13.0436,80.2132,1,1,4,68.0,93.8,74.1,87.9,95.9,81.2
12.9917,80.1611,14,4,3,49.3,76.6,89.7,61.5,84.7,52.6
13.0576,80.272,21,2,5,56.8,76.9,67.2,80.5,94.7,85.3
12.9856,80.1982,9,1,3,73.6,92.3,89.7,61.5,94.2,98.0
13.1725,80.2274,17,2,5,86.8,92.5,66.5,79.0,97.9,98.0
13.0365,80.1661,21,4,4,85.9,81.3,74.1,87.9,87.1,76.6
12.9886,80.1794,13,2,3,58.4,85.8,89.7,61.5,89.6,78.8
12.9564,80.2096,16,2,5,80.2,93.8,93.0,48.0,95.9,97.0
13.1115,80.168,12,0,4,70.0,81.3,57.1,48.6,87.1,98.0
13.1092,80.3322,0,1,4,62.9,62.7,57.1,48.6,81.0,82.9
13.0352,80.1512,4,3,4,86.5,71.9,74.1,87.9,82.5,68.0
12.9679,80.2468,12,5,5,90.4,86.1,92.6,49.9,97.4,82.2
13.0524,80.1746,13,3,5,89.4,81.3,70.6,85.6,87.1,88.1
13.0278,80.2115,23,1,4,69.8,93.8,77.7,87.1,95.9,80.8
13.1193,80.3352,2,2,3,61.5,64.8,57.1,48.2,79.5,61.5
13.1014,80.1823,14,1,4,77.1,85.8,57.9,52.0,89.6,98.0
13.0411,80.3432,18,3,4,84.5,64.8,74.1,87.9,79.5,87.3
13.0045,80.1912,16,1,2,67.2,89.6,87.3,69.3,92.0,88.1
13.197,80.2983,2,0,5,74.0,64.8,76.9,87.6,87.8,98.0
13.0635,80.2593,15,4,5,51.5,81.7,67.2,80.5,96.3,59.6
13.1221,80.3269,13,2,3,64.1,62.7,57.1,48.2,81.0,80.2
12.9851,80.2608,11,4,3,89.5,81.7,89.7,61.5,96.3,69.9
13.0714,80.2569,11,3,5,52.0,81.7,64.1,73.4,96.3,70.6
12.9569,80.1891,10,2,5,65.8,89.6,93.0,48.0,92.0,88.0
13.0764,80.1832,16,2,5,88.6,85.8,61.5,65.5,89.6,97.5
13.191,80.3333,7,1,5,69.3,62.7,73.3,87.6,81.0,98.0
13.0461,80.2156,16,2,5,60.7,93.8,70.6,85.6,97.2,87.0
12.9597,80.2244,20,3,5,82.2,93.8,93.0,48.0,97.2,85.7
12.9577,80.302,22,1,5,67.3,64.8,93.0,48.0,87.8,85.6
13.047,80.2178,19,3,5,57.6,93.8,70.6,85.6,97.2,73.1
12.99,80.3404,10,3,3,47.9,64.8,89.7,61.5,79.5,62.2
12.9558,80.2976,1,2,5,64.7,64.8,93.0,48.0,87.8,73.9
13.1391,80.2695,9,2,2,87.4,76.9,59.0,56.4,94.7,85.6
13.0646,80.3262,9,5,5,92.5,62.7,67.2,80.5,81.0,81.0
13.0223,80.1599,10,0,3,79.9,76.6,81.2,83.2,84.7,98.0
13.175,80.2014,5,1,5,65.6,92.3,69.8,84.6,94.2,98.0
12.979,80.243,3,4,4,89.8,89.8,91.4,54.6,98.0,60.2
13.189,80.1954,23,1,5,73.6,92.3,73.3,87.6,94.2,86.6
13.0285,80.2988,11,0,4,75.5,64.8,77.7,87.1,87.8,98.0
13.1721,80.3338,10,4,5,53.4,62.7,66.5,79.0,81.0,65.3
13.1007,80.2348,22,0,4,66.7,92.5,57.9,52.0,97.9,94.3
13.1567,80.2184,22,3,4,84.2,93.8,63.5,71.6,97.2,68.2
13.196,80.3423,12,0,5,77.3,64.8,76.9,87.6,79.5,98.0
13.0221,80.239,4,1,3,66.1,89.8,81.2,83.2,98.0,74.2
13.1903,80.2478,5,0,5,83.1,86.1,73.3,87.6,97.4,98.0
13.0474,80.2203,0,3,5,61.0,93.8,70.6,85.6,97.2,54.9
13.0464,80.3319,5,4,5,91.5,62.7,70.6,85.6,81.0,81.0
13.0351,80.2638,17,3,4,58.8,81.7,74.1,87.9,96.3,68.3
13.0854,80.3024,21,0,5,76.2,64.8,59.4,58.0,87.8,98.0
12.9885,80.3124,8,3,3,62.1,62.7,89.7,61.5,85.3,66.2
13.0884,80.2184,23,1,5,62.5,93.8,59.4,58.0,97.2,82.3
13.0854,80.2367,14,3,5,58.0,89.8,59.4,58.0,98.0,75.0
13.1405,80.3197,7,3,2,50.5,62.0,59.0,56.4,83.0,54.3
13.1584,80.2227,18,3,4,88.1,93.8,63.5,71.6,97.2,84.6
13.0601,80.3088,23,2,5,85.6,62.7,67.2,80.5,85.3,83.2
13.0256,80.3382,15,3,4,80.9,64.8,77.7,87.1,79.5,83.5
13.0148,80.2746,5,0,2,75.2,76.9,84.4,77.0,94.7,98.0
12.9987,80.2983,5,1,2,64.7,64.8,87.3,69.3,87.8,87.0
12.9644,80.311,21,2,5,53.6,62.7,93.0,48.0,85.3,85.1
13.0356,80.319,2,3,4,86.6,62.0,74.1,87.9,83.0,67.6
13.0176,80.229,9,0,3,67.4,92.5,81.2,83.2,97.9,98.0
13.1916,80.1603,0,1,5,68.7,76.6,73.3,87.6,84.7,86.4
13.0894,80.2304,13,1,5,59.3,92.5,59.4,58.0,97.9,98.0
13.0368,80.2848,3,2,4,67.7,72.2,74.1,87.9,92.6,72.2
13.0951,80.2401,11,0,4,63.8,89.8,57.9,52.0,98.0,98.0
12.9848,80.2998,5,2,4,65.8,64.8,91.4,54.6,87.8,87.5
13.061,80.2214,10,2,5,50.6,93.8,67.2,80.5,97.2,85.8
13.1066,80.2769,11,1,4,77.9,72.2,57.1,48.6,92.6,98.0
13.0722,80.1873,9,1,5,76.3,89.6,64.1,73.4,92.0,98.0
13.0504,80.2999,17,2,5,84.3,64.8,70.6,85.6,87.8,98.0
13.1985,80.2591,6,0,5,70.4,81.7,76.9,87.6,96.3,98.0
13.1701,80.1908,6,2,5,64.1,89.6,66.5,79.0,92.0,89.5
13.1059,80.2084,10,0,4,73.1,93.8,57.1,48.6,95.9,98.0
13.0923,80.2997,3,1,5,80.2,64.8,59.4,58.0,87.8,90.8
13.1052,80.2465,19,0,4,71.6,86.1,57.1,48.6,97.4,98.0
13.0003,80.1932,0,1,2,70.3,89.6,87.3,69.3,92.0,70.8
13.0488,80.3435,12,4,5,90.5,64.8,70.6,85.6,79.5,85.4
12.9599,80.293,17,1,5,68.3,68.1,93.0,48.0,90.3,98.0
13.0689,80.3414,8,4,5,93.1,64.8,64.1,73.4,79.5,84.6
13.0858,80.2354,23,3,5,58.7,89.8,59.4,58.0,98.0,57.4
13.0069,80.245,23,0,2,79.1,86.1,84.4,77.0,97.4,85.5
13.191,80.3296,8,1,5,67.5,62.7,73.3,87.6,81.0,98.0
13.1774,80.255,22,1,5,82.2,81.7,69.8,84.6,96.3,93.0
13.1305,80.2915,8,1,2,76.0,68.1,57.7,51.0,90.3,90.6
13.0833,80.2004,9,0,5,73.1,92.3,61.5,65.5,94.2,98.0
13.1675,80.2393,1,4,5,89.9,89.8,66.5,79.0,98.0,61.7
12.9827,80.1747,5,3,4,53.9,81.3,91.4,54.6,87.1,72.3
13.1476,80.1912,14,2,3,68.7,89.6,61.0,63.7,92.0,79.0
12.9812,80.1502,2,4,4,51.7,71.9,91.4,54.6,82.5,39.8
13.1486,80.1579,10,5,3,49.3,76.6,61.0,63.7,84.7,52.1
13.0189,80.3455,5,0,3,77.2,68.0,81.2,83.2,78.4,98.0
13.1693,80.1985,2,1,5,66.0,92.3,66.5,79.0,94.2,84.2
13.186,80.2827,23,0,5,75.9,72.2,73.3,87.6,92.6,95.0
12.9872,80.3178,10,4,3,60.9,62.0,89.7,61.5,83.0,56.5
13.0657,80.2601,14,3,5,58.0,81.7,64.1,73.4,96.3,72.8
13.1952,80.1806,12,1,5,68.5,85.8,76.9,87.6,89.6,98.0
13.0709,80.2956,19,1,5,82.8,64.8,64.1,73.4,87.8,98.0
13.1659,80.2701,9,3,5,80.8,76.9,66.5,79.0,94.7,86.9
13.0972,80.2963,5,0,4,71.7,64.8,57.9,52.0,87.8,98.0
13.0438,80.3039,14,2,4,80.6,64.8,74.1,87.9,87.8,92.6
13.0214,80.3451,17,0,3,72.5,68.0,81.2,83.2,78.4,98.0
13.0008,80.2647,17,2,2,77.2,81.7,87.3,69.3,96.3,82.6
13.1404,80.2183,6,2,2,88.6,93.8,59.0,56.4,97.2,84.9
13.0466,80.2797,14,2,5,60.3,72.2,70.6,85.6,92.6,90.1
13.0778,80.1637,17,3,5,93.7,76.6,61.5,65.5,84.7,89.7
13.0731,80.3295,17,5,5,90.9,62.7,64.1,73.4,81.0,81.9
13.0943,80.1739,19,1,5,86.5,81.3,59.4,58.0,87.1,98.0
13.1664,80.2156,8,3,5,78.6,93.8,66.5,79.0,97.2,87.3
13.1952,80.3131,23,0,5,77.0,62.7,76.9,87.6,85.3,98.0
13.0519,80.2695,1,3,5,56.9,76.9,70.6,85.6,94.7,58.1
